address,txid,vin,r,s,sighash_type,z
bc1pv6d5p8rgadhzngmqel02n6h89xkl49nznp5z0gne0ckcmnkq934q2zjmzz,517b33763e0068f838746cc2c2eb5c6300e28e1a5ad0e861ac8291f9fbf56d20,0,0x35a40ba1f45639f3da07099de620f9c218945bd4d4bd9e4c6b1458a7dc1ccc09,0xd036eed7c105598475a0b8a39bd75892dc27e140b818438f18d562058e699ca,0x1,unknown
bc1pv6d5p8rgadhzngmqel02n6h89xkl49nznp5z0gne0ckcmnkq934q2zjmzz,517b33763e0068f838746cc2c2eb5c6300e28e1a5ad0e861ac8291f9fbf56d20,1,0x90366436ff98239c6d92df1dd905b367ca32f86204cfb22ef71ab4fbc5f02612,0x7f32144ac99520ee8eb6c15fb2bdc402c630f6225350299f90a478241c9edd1c,0x1,unknown
bc1pv6d5p8rgadhzngmqel02n6h89xkl49nznp5z0gne0ckcmnkq934q2zjmzz,517b33763e0068f838746cc2c2eb5c6300e28e1a5ad0e861ac8291f9fbf56d20,3,0xb1114cf7f1a0a43fa5d9a6607f2af1d1e305075e14066f8042fd8945a365732f,0x1c91e6e140001d6b8c3a37968b59a534dd81a9e54824c3e5f333be1dd3bf6f8,0x1,unknown
bc1pv6d5p8rgadhzngmqel02n6h89xkl49nznp5z0gne0ckcmnkq934q2zjmzz,517b33763e0068f838746cc2c2eb5c6300e28e1a5ad0e861ac8291f9fbf56d20,4,0x317f74ae4d39d266da2841cf983c046f1b783926274ab9507c51e8f6ce35e3ad,0x64b1e683a3367e2e66953468627485aff5287074c406e46956a8b4d4ef33b8e9,0x1,unknown
bc1pv6d5p8rgadhzngmqel02n6h89xkl49nznp5z0gne0ckcmnkq934q2zjmzz,517b33763e0068f838746cc2c2eb5c6300e28e1a5ad0e861ac8291f9fbf56d20,5,0xdcc347e4176bc833af6a1f8974b14c38e0c2e9f4cf55ad16df0e3a74ea967ee6,0x235ee9c7f7d2e27ba8478841566fe7588da49c4b969affb9d9f38a90eef73477,0x1,unknown
bc1pv6d5p8rgadhzngmqel02n6h89xkl49nznp5z0gne0ckcmnkq934q2zjmzz,19d78d1e1a3b3ecd0dfa93895b16ea97409af4c4c2838481e98fd86a6695380f,5,0x23c039aa46aeb8b57a7a27a025a9af9e88d964aa30a1dd7dfa70a46eca023555,0xb0e0c286c17516d3aa92afe4e86ca0e4646e6e425a572243bc511dd9c3d3601,0x83,unknown
bc1pv6d5p8rgadhzngmqel02n6h89xkl49nznp5z0gne0ckcmnkq934q2zjmzz,19d78d1e1a3b3ecd0dfa93895b16ea97409af4c4c2838481e98fd86a6695380f,6,0x5d5ac7c1642aa310874d2a8b42a1821251d84e61b1cc871a093ba9c983235b91,0x38103cf04adb7de92fb29c6bf0eca31aa951a848f362f4cbb4ecc0b4b281f,0x83,unknown
bc1pv6d5p8rgadhzngmqel02n6h89xkl49nznp5z0gne0ckcmnkq934q2zjmzz,19d78d1e1a3b3ecd0dfa93895b16ea97409af4c4c2838481e98fd86a6695380f,7,0x1166a3eaac54029b404ce8d5a09e332e3f9b587d857f4950937cd8e40ce0f082,0x1c5f153c7b586e4f6b694e5d1ea87e56a0006157370256e94c44c7ac62c6e2e6,0x83,unknown
bc1pv6d5p8rgadhzngmqel02n6h89xkl49nznp5z0gne0ckcmnkq934q2zjmzz,19d78d1e1a3b3ecd0dfa93895b16ea97409af4c4c2838481e98fd86a6695380f,8,0xde34115f139a77fc3cc5b2222fb41e224042717cf15492998cf805e81a06ecd1,0x542e448db3d81c123853d41b1b86e2054fbffdef41d417dfe9c0520f1495e46d,0x83,unknown
bc1pv6d5p8rgadhzngmqel02n6h89xkl49nznp5z0gne0ckcmnkq934q2zjmzz,de9ddc0c3ae77642740f52686c1a922a1911421f35ecdae1d7babecd0e568fbc,2,0xd61212960410390d62e539c9847d97dfc27112b7aa5cb0c6c1edec1ac2d2e191,0x344057f5310c435fd2835b10a7a21a5f29cf7a12515732d6ab14252dc57c2114,0x83,unknown
bc1pv6d5p8rgadhzngmqel02n6h89xkl49nznp5z0gne0ckcmnkq934q2zjmzz,2602a8718e889ec82421aaddad73efaba3610c6b2c58707da1a11068a95862a3,2,0xdd1e7b9067b3cf0336b64056ad3f220df2f664991df767c2d19a7cfeba0a767a,0x74148f4e563d53400ca8bb530c1d20f0b43448f94f3c9fd66a171c3cc4e29bf6,0x83,unknown
bc1pv6d5p8rgadhzngmqel02n6h89xkl49nznp5z0gne0ckcmnkq934q2zjmzz,945504c8b6126d980e64149d27caf74e33792f5b817ee924b6c3b48655d1a07d,2,0x6e517774d5ed994f95e4764a40f48cb3bc364c0575935e4a34585a0589848a13,0xcf2103266262ff3467bb6b63c890faf3c34a7c4d0b1df2ddbc878254325d619,0x83,unknown
bc1pv6d5p8rgadhzngmqel02n6h89xkl49nznp5z0gne0ckcmnkq934q2zjmzz,3dfa077e2e74a0ba9042f604c081714a64f3d7069b7855d9de3731653053f4df,1,0xb52ff8f57a55a83c20262ec08ff6de762d77aae927eb8477787c850f05814caf,0x6fc05b302e319ec900cabf1e491135dea2b0e8ab05c5d54b80f68193328df9e,0x1,unknown
bc1pv6d5p8rgadhzngmqel02n6h89xkl49nznp5z0gne0ckcmnkq934q2zjmzz,e11be7fd9f2d7467b9f2e2d3bc309befa69d1e0fb9a54ae4be36ae0b7093b22e,3,0xada74f4299a84055480078f844a058cf483ea281ca6e02fdc26e5b5af4e445af,0x61b174d0947b32ce9397ae5a2afa37258a5e03d04082a15106953edb72eb345e,0x83,unknown
bc1qhpvxcn42g3ur2zdv2zf743qpmfx4tsug53pmqr,d7b6eb332908059dd35ef615516284adf100bb3a85b092578a67b85c36cdc88e,0,0xad6dc959e9a9e70eef2cc5b10c0926da4ca4a14ba04c8fd5332c721a5c32b22a,0x70211deed49b51dd4f4a102c5b86fd0732a448cb0539e467c577feb831aae9f1,0x1,unknown
bc1qhpvxcn42g3ur2zdv2zf743qpmfx4tsug53pmqr,d7b6eb332908059dd35ef615516284adf100bb3a85b092578a67b85c36cdc88e,1,0x6c5627c4ea46298feb9cd1c2c962a184edfdfb136a9b5feaf67c2dce5d1620d9,0x256f296b1ca4987db6994f07bcfef4a9d2ce31fb838d41b182b0756f5a7c0eed,0x1,unknown
bc1qhpvxcn42g3ur2zdv2zf743qpmfx4tsug53pmqr,d7b6eb332908059dd35ef615516284adf100bb3a85b092578a67b85c36cdc88e,2,0x498f9e7c8f3481cf9d0dbc65e62e83fadf42befa1ad5ac9380474d8fb1ae74ad,0x5f5619f4f970324549c929ba3765913ac125d69bd89cb2f5d6049899448bca04,0x1,unknown
bc1qhpvxcn42g3ur2zdv2zf743qpmfx4tsug53pmqr,123290031478ec6081328bbe151622155ea2ccfb42b7c6a23b8b64a64fa87ee1,0,0xd25df9ee9c865e9d952b19733bea949f71d992cdd76212921bf5a45735ee71b3,0x9396dd176a562d768950fc9a40512a025a41cfffc3ec38534cef18f86386d23,0x1,unknown
bc1qhpvxcn42g3ur2zdv2zf743qpmfx4tsug53pmqr,123290031478ec6081328bbe151622155ea2ccfb42b7c6a23b8b64a64fa87ee1,1,0x23f59a41b4c02af1ac1fd68dd59ef919a2897c198c4c6c2a18bf065e2d41507c,0x72b780005d10837cc9aec447f28251b4d29b1b9fc88f4a55b54f8f2cc16a0400,0x1,unknown
bc1qhpvxcn42g3ur2zdv2zf743qpmfx4tsug53pmqr,4282d8c88ed1d6d44f42820cb690fc5e0a89c568778bd4b95c1367d2511a8996,0,0xb5c40ee0fa9069460ccca06d506456d6a0136d4c2e41a40a617d71a42596a947,0x6f04f582602abe990a1802a66ec0e7407184b4e6580925fe04832538f441f369,0x1,unknown
bc1qhpvxcn42g3ur2zdv2zf743qpmfx4tsug53pmqr,4282d8c88ed1d6d44f42820cb690fc5e0a89c568778bd4b95c1367d2511a8996,1,0x2b5049b9b638bd78af7da748fb4c4492d058cc438557dccfa5aa94a55c1f38ff,0x7bf6797bce24f26493ba9a571b51e5a09d0e8b5a5ad9e4e985b49a62c74739fa,0x1,unknown
bc1qhpvxcn42g3ur2zdv2zf743qpmfx4tsug53pmqr,a29c8ab7e75bcd79c3370d4730b079999315eba87de73c49326cd61c732ba63d,0,0x29d300657992413eb331fd8031e73bfd77c5790604aad867d1b4bb01cd814743,0x241cfcbef6cb9eb068e0dbec0f813656502ca76905a9967e4c2abcccbb36366b,0x1,unknown
bc1qhpvxcn42g3ur2zdv2zf743qpmfx4tsug53pmqr,a29c8ab7e75bcd79c3370d4730b079999315eba87de73c49326cd61c732ba63d,1,0xa38836f791f58320c75233efc14e73f840b6872d717762ea50556bd01ec71d24,0x40fc0d602bc5a87b60da1f0c40aee2aed280389899d30c00af50abe4bf3ac7ba,0x1,unknown
bc1qhpvxcn42g3ur2zdv2zf743qpmfx4tsug53pmqr,3ebf7e5216edac4d85bba2636ec8b5c19af890c4ccf5905e39f55a5fd36e5df7,0,0xb224a68891b008850939acb90b2ab359e01a98b76745a69b9e6711cd20fa2bb5,0x56332a8175d6d4da9181407baf8d7db908f5c31e63ddfbd1424c7558683eb94c,0x1,unknown
bc1qhpvxcn42g3ur2zdv2zf743qpmfx4tsug53pmqr,e9ad9ff93d1bc2b8e48e980471b7e487f9e72b6366c96b033934f6b73294d472,0,0x9d28b29798e5900c3a9ac82596be67f6c21a5ada10ec36aae26c3de928edf23e,0x272a803effb544220d22e822d14d3194d42beaaa45399d1e4bb70feb97fd9161,0x1,unknown
bc1qhpvxcn42g3ur2zdv2zf743qpmfx4tsug53pmqr,bf6da7549c8a82d4048a139fce8c56e375fe4a82d46887ddbbd3da0222590a34,0,0xeef32611480bfe0ec854e23fbffec5b44ad9d45a38986e16f75ca83483156990,0x1c697fa5b44e21546ae16f2377c4dc918cac45a0207d4df050ae641074a5293b,0x1,unknown
bc1qhpvxcn42g3ur2zdv2zf743qpmfx4tsug53pmqr,ab3886ddbeab51145d179aed21cccd27601c2430965e60ad227695449e8c41aa,0,0xc2d3ca04c9760c29a6957ca91464ad391c794992094b51543e9d6d9484a436a3,0x62cd85f8e3642f98866718a6713ad18e432fe950a78bc8bed2ec5ef46f022828,0x1,unknown
bc1qhpvxcn42g3ur2zdv2zf743qpmfx4tsug53pmqr,ab3886ddbeab51145d179aed21cccd27601c2430965e60ad227695449e8c41aa,1,0x78752941b601cb4c9842601b58bc2d0479fe0d64872dd8124e7ca388fb8e7c2,0x78cce912f67e1ed7e5f601a8942c2bf644464a7aea56602abc4ff7a48db62b4a,0x1,unknown
bc1qhpvxcn42g3ur2zdv2zf743qpmfx4tsug53pmqr,485fc7319908fe3d43e3ae3829d39b0dbb752936126671299704f405c6e39fa3,0,0x3024ac0784db551fcf5eda1ba0966ca6c4ff01adacd99701368bbcdea8d62e0,0x329197f4639f1f5c4e99684ecfac8bd1d75dabb34154fd2df1675815d1be1976,0x1,unknown
bc1qhpvxcn42g3ur2zdv2zf743qpmfx4tsug53pmqr,485fc7319908fe3d43e3ae3829d39b0dbb752936126671299704f405c6e39fa3,1,0x6743e24879c907e00e38864ecd081e9c2223d454317343723b5632c879b46b4b,0x7df88155faca692cb5f62c428df2152c07aae82084670e36fc0ee08110139f18,0x1,unknown
bc1qhpvxcn42g3ur2zdv2zf743qpmfx4tsug53pmqr,c2fc5b2e171e058dc2934f2ce0dc8e105135ae303935b212d1f3be2cb04d916e,0,0xa1fe928362e4fdee96dc39cfd34c1a7cc811221dbe794bc6a30143192584cdd5,0x74225a6e9e128271bc965eb4c1a4456dcad182f4572e3930f6cee818303defda,0x1,unknown
bc1qhpvxcn42g3ur2zdv2zf743qpmfx4tsug53pmqr,c2fc5b2e171e058dc2934f2ce0dc8e105135ae303935b212d1f3be2cb04d916e,1,0xda19628267ec506069107529abcb9cf1c8a4401993292b0ff9bb4e1bfec8fca9,0xd997195e88fbc2919db31d51cd04660940498c76beed932ca44308fcd47dc58,0x1,unknown
bc1qhpvxcn42g3ur2zdv2zf743qpmfx4tsug53pmqr,4b8fc8dde5a9e5ac5ffe22b13689f5b7c5e0aa58aae43b8de08ce2d49f7b3a27,0,0xaf6f90857f3fbafef13a3b904a48b2c794c577e586d7aeded71eeff48b6c8b29,0x6cf486a00a1d44e82cebfd2505ade34eb152cecc1f9fb22811162aa91a5f9cb7,0x1,unknown
bc1qhpvxcn42g3ur2zdv2zf743qpmfx4tsug53pmqr,4b8fc8dde5a9e5ac5ffe22b13689f5b7c5e0aa58aae43b8de08ce2d49f7b3a27,1,0x573208a5668d9fc2f52d86ace5270dd6bf94b477c7b6478b053c8a24814192bd,0x330155148078ad5aec0a5482b934e9aefe4b640f9717d86ad4bc80c443a6c9de,0x1,unknown
bc1qhpvxcn42g3ur2zdv2zf743qpmfx4tsug53pmqr,0a546319528b6af7258c8425bba7b964668168e58da03edbf1f2f25f99af4b9f,0,0x4de012851dba35d1f444c74ee07c7bda29fd8665cf0a38a75769982f5ed3a695,0x62d7731791d50d4e1bdf6e6409983ab70bf8a2a98fa0329b6251aa025c5ed7c5,0x1,unknown
bc1qhpvxcn42g3ur2zdv2zf743qpmfx4tsug53pmqr,0a546319528b6af7258c8425bba7b964668168e58da03edbf1f2f25f99af4b9f,1,0x244463d4747f627774fe23cdd2ad90fcdc42b6e45f11c7175723796841771b1a,0x762040dbff93b5ec8dea1aa5875e8b1d174ef441e5104678dd821d8311769187,0x1,unknown
bc1qhpvxcn42g3ur2zdv2zf743qpmfx4tsug53pmqr,b2db6d2e523d1c5c15908dae4c5d6475cb45ef5b5ca3d67da9f368428d1df82b,0,0x52fdefa46427e04c16b0462fe0785f11936ae6ca45e009f002883505d34c7de,0x2710c42e3ee17d16be7dd61a4bc3440620583ade8ce0b087196476713b2e9c32,0x1,unknown
bc1qhpvxcn42g3ur2zdv2zf743qpmfx4tsug53pmqr,b2db6d2e523d1c5c15908dae4c5d6475cb45ef5b5ca3d67da9f368428d1df82b,1,0xdc1abeb7b3f488f1ccba71a814a867151ef846639858a71137e2ee0cd37c71b1,0x462e7edfa7f8042efa2af0211f321bdfa1db5dab40c2301d72a56cf75842536c,0x1,unknown
bc1qhpvxcn42g3ur2zdv2zf743qpmfx4tsug53pmqr,c7b6a1217655e152da5cb87f1e20af16684c85a79ba815a7ed544d59825d9a32,0,0xae05514a9a51654ea1ba249b69713af965268efdc6a395827615c0ac42271322,0x5eef5634efcdc4501bc923e9d12d1a8c0d9865ff58f12ac517ecae4b1310ba2b,0x1,unknown
bc1qhpvxcn42g3ur2zdv2zf743qpmfx4tsug53pmqr,7b3bac88023057d094a98e5da9a2285d53c29a46b1248de5ea1c06c50fe5dfc8,4,0x9eaa80b11da7fea4efe97d39e6f1d9e7ee342f1c65d2147b2ecd62daac7ccde0,0x99d8563cde626332ecce05a9d2992db9cd50e4ab1ccf8c44a737de9173cb7f,0x83,unknown
bc1qggrctnwgxrfzj96mzfmn2nmlrf0e6z2pcuemrc,e1cb03c783756962da4237a07ef058484201ce8331d0fd967c1eb1f67489f086,0,0x10913ca89bebcc6d5536e0d623348f8ab28d5d92d7857364351d5ef13a64cfa4,0x3f4413e00b800b1482b7285d7fe1cdfa86ec73617f02dca0885e0825ac933e45,0x1,unknown
bc1qggrctnwgxrfzj96mzfmn2nmlrf0e6z2pcuemrc,e1cb03c783756962da4237a07ef058484201ce8331d0fd967c1eb1f67489f086,1,0xcbf0f8264299dbd711194121cf3f4e8218f48fa3a188aea685fbcf62e8c55e5f,0x3fdcaa2a3f97b46e8ae15cd3934c8a45e82c58cdc106ecb5372d9ef06da72ae0,0x1,unknown
bc1qggrctnwgxrfzj96mzfmn2nmlrf0e6z2pcuemrc,e1cb03c783756962da4237a07ef058484201ce8331d0fd967c1eb1f67489f086,2,0x14498d26cc714e783383bf34f32da960ee07968442613f58ce8a0f3a2b87dcfb,0x3233adcc857ae95b777d3b251800b4113b93103bddb42f520c8f466888a5bdfb,0x1,unknown
bc1qggrctnwgxrfzj96mzfmn2nmlrf0e6z2pcuemrc,e1cb03c783756962da4237a07ef058484201ce8331d0fd967c1eb1f67489f086,5,0x7d813c5b9b07e8b1142cc0398f542b1262b43da471c7a94ca8aaca0bae2e82cc,0x1bad331132c017337c76fb095c104bf5600b3be3eac9b01755bdd11fda6ce8f6,0x1,unknown
bc1qggrctnwgxrfzj96mzfmn2nmlrf0e6z2pcuemrc,e1cb03c783756962da4237a07ef058484201ce8331d0fd967c1eb1f67489f086,6,0x272236be4f1c2a52d5dbac795790902e7d477f1856ae184ca537f12c039dc382,0x1f61347f2893ec86475a56c8692f0fb08bc7357f206fa9a18c80e7c7bbe0950,0x1,unknown
bc1qggrctnwgxrfzj96mzfmn2nmlrf0e6z2pcuemrc,e1cb03c783756962da4237a07ef058484201ce8331d0fd967c1eb1f67489f086,7,0x6def150b0e0fea20b8e7c237f14f0a7ccb750cafaee60988286da23a6c779b83,0x6d23777d3a8d8ade7889302f06d792e41b8e42c6d5c53a72cdcc5344bd11e6f,0x1,unknown
bc1qggrctnwgxrfzj96mzfmn2nmlrf0e6z2pcuemrc,2743b2ae3e77be590fa5b28558968b0d492c97e7d61ea367467fed9a55f2bfd3,0,0x10f45a81670eb11940763ffa420df4ba8312825d7cc0feafe97fdc2560a2fe6a,0x7a770e806446e38a20a155d0eb16d69e05b4f4abc81934f200e265a3f580ef6e,0x1,unknown
bc1qggrctnwgxrfzj96mzfmn2nmlrf0e6z2pcuemrc,2743b2ae3e77be590fa5b28558968b0d492c97e7d61ea367467fed9a55f2bfd3,1,0xa2ecab3f7ea34fe90b561b814ef211ffe3b65cf8110efb148890dc4f0e9fbfe2,0x52ccb5328684f20a32c21fd3ca094dc9c011e43aeda7c548e72ec5b5acdf8847,0x1,unknown
bc1qggrctnwgxrfzj96mzfmn2nmlrf0e6z2pcuemrc,2743b2ae3e77be590fa5b28558968b0d492c97e7d61ea367467fed9a55f2bfd3,2,0x593096176fd0985a963605558aa6691bbbcdc9b1ebd26eee41e5efb106419af6,0x5c4f48df0433d2e5e501a12e6bb2097be728635620d19222d23117547800d712,0x1,unknown
bc1qggrctnwgxrfzj96mzfmn2nmlrf0e6z2pcuemrc,2743b2ae3e77be590fa5b28558968b0d492c97e7d61ea367467fed9a55f2bfd3,5,0x9eae4a55c79a59d08f8856c950ccd862c3cf82aa8a66f0eb3ea68b03c8c87b2d,0x1aefe814fc6b59b3e24fdb18b0b610ae46e6e58230038b95148965fa46c1733a,0x1,unknown
bc1qggrctnwgxrfzj96mzfmn2nmlrf0e6z2pcuemrc,2743b2ae3e77be590fa5b28558968b0d492c97e7d61ea367467fed9a55f2bfd3,6,0x5df18cff91ae6dbcd0e77b460b7c0ec49bf8a258f1bc3dcb80a5a8d210c7143d,0x2b8fbdd3bd2095a368552a8d08c6d117363ca5d3208f5107432b1e6ef70ff675,0x1,unknown
bc1qggrctnwgxrfzj96mzfmn2nmlrf0e6z2pcuemrc,3b4d86bee097300dd581ca55c4f17dfcc08a53dbd9354bc1ea1a048520c9c9a7,0,0x81defae7ce0aaa1a980ad199668a3e578e4b564bbbf10757cf101499411f8a8f,0x27e17e5e9f80181cec629a30d8d4094f1bca2e586d5fa399252b0851d9655c37,0x1,unknown
bc1qggrctnwgxrfzj96mzfmn2nmlrf0e6z2pcuemrc,3b4d86bee097300dd581ca55c4f17dfcc08a53dbd9354bc1ea1a048520c9c9a7,1,0x444c21c702d6edeaffc4ea88a92ad673cb8aa668dd1d76f159fe497311cf4823,0x6c0202fea6dc4eada56009f6e88fc6ff48b6eef52a4946a08343172d0cc63968,0x1,unknown
bc1qggrctnwgxrfzj96mzfmn2nmlrf0e6z2pcuemrc,3b4d86bee097300dd581ca55c4f17dfcc08a53dbd9354bc1ea1a048520c9c9a7,2,0x42ae20d30d5165852f5ed4bf7f3cbc3d62cd41142c55c678f05a331dc2b0bd3e,0x67fa4542c2ebe892c072e7fc8c7c5ef12ac1c9fbb6922ed85d0513f172a18032,0x1,unknown
bc1qggrctnwgxrfzj96mzfmn2nmlrf0e6z2pcuemrc,3b4d86bee097300dd581ca55c4f17dfcc08a53dbd9354bc1ea1a048520c9c9a7,3,0x2b2a7d9743af80a590e3aed28ce74c3d70e55f7aa9466c398e4d0b47706853b4,0x115744fe020b600f29c1abd7bd7c484ad0a3b4f20a94a07d6e8af7894221ed37,0x1,unknown
bc1qggrctnwgxrfzj96mzfmn2nmlrf0e6z2pcuemrc,3b4d86bee097300dd581ca55c4f17dfcc08a53dbd9354bc1ea1a048520c9c9a7,4,0x52d8a26d649a8ff52e99a3458f58817e726baa7f7a94874be8ddbff20b12b9fc,0x1b41350b7db19c882b76f8afc4626d92adeaa3e0cd4722e16733447cffd87143,0x1,unknown
bc1qggrctnwgxrfzj96mzfmn2nmlrf0e6z2pcuemrc,3b4d86bee097300dd581ca55c4f17dfcc08a53dbd9354bc1ea1a048520c9c9a7,5,0x1176482f6aec01693e233e636c22dbf026975ec973c5d6af2333295765c91be1,0x5208e0d21a4795304476fa9b76b0c07ea3432a42d925acb7890653f0b7bffd1b,0x1,unknown
bc1qggrctnwgxrfzj96mzfmn2nmlrf0e6z2pcuemrc,3b4d86bee097300dd581ca55c4f17dfcc08a53dbd9354bc1ea1a048520c9c9a7,11,0xcf9f92a87fc054b036038f035e1127adf855e0dd65cfea6ffe2535425a35707b,0xbee028abd4b55a77970a39136e7aa1e6365ded49c781851137be06971d91bac,0x1,unknown
bc1qggrctnwgxrfzj96mzfmn2nmlrf0e6z2pcuemrc,3b4d86bee097300dd581ca55c4f17dfcc08a53dbd9354bc1ea1a048520c9c9a7,12,0x8c7375645a49a33ebf9fd747f0e17a7c6ce663289c351d25fe461ad08f38ebc7,0x7200618fcb811d92063fbea9a8e2ac13737e454c443404f19b1c7e3b5c43429f,0x1,unknown
bc1qggrctnwgxrfzj96mzfmn2nmlrf0e6z2pcuemrc,5c609bf443dab89a0dd7284f3f557da50f8b21676757f53849ef54f84166a01c,0,0xc56d2fef37a91bc5657e3c5b8a9fb9e1d56de55bd2fd7645c59e4b0dc0ff3d36,0x1d4671349930a6712e4b2c5641615990ff9b6b596e268aa19487e63f46611856,0x1,unknown
bc1qggrctnwgxrfzj96mzfmn2nmlrf0e6z2pcuemrc,5c609bf443dab89a0dd7284f3f557da50f8b21676757f53849ef54f84166a01c,1,0xf328ad50e72dfa202663fd529375eb3752475a0cc901c121c80374f4e5eb4bc6,0x4be3dba87aa2b2acc7ac7a0da12de224a8ea8f5439294aefe523c6f9068f4c72,0x1,unknown
bc1qggrctnwgxrfzj96mzfmn2nmlrf0e6z2pcuemrc,5c609bf443dab89a0dd7284f3f557da50f8b21676757f53849ef54f84166a01c,2,0xb546b8e1e66d6930aad736044623e8217e5ff82efee4c92e28b200ebb421eb25,0x7049afd35286f34cbf3f5fb5b27c1999b2a747c005859db083d3a363b1501833,0x1,unknown
bc1qggrctnwgxrfzj96mzfmn2nmlrf0e6z2pcuemrc,5c609bf443dab89a0dd7284f3f557da50f8b21676757f53849ef54f84166a01c,3,0x80234384931c50fbee226e2e77a042571445c69ca63e729a0b81c9181e808332,0x1753eccfecaf5f95ac458e5228bcab13e76cdb9352124fe05c0a4aef7dc695b1,0x1,unknown
bc1qggrctnwgxrfzj96mzfmn2nmlrf0e6z2pcuemrc,5c609bf443dab89a0dd7284f3f557da50f8b21676757f53849ef54f84166a01c,4,0x9c3c4eaaa80825311e274b0ac9a09a6c1da4a2a65991ebe181d1386cef2dccad,0x1c3beccfda75f40f15da0be359fbf1856820dc315a0009e90d71f6b472dedd19,0x1,unknown
bc1qggrctnwgxrfzj96mzfmn2nmlrf0e6z2pcuemrc,5c609bf443dab89a0dd7284f3f557da50f8b21676757f53849ef54f84166a01c,5,0x329e29e2ecddc89746f0543f316b6b700ea508a9046a212866e6863c8ba830b1,0xc59cb6cd5c5ea636ffbc25a3a8ea9da14fba398c2653a9d493cf95a82bdd40a,0x1,unknown
bc1qggrctnwgxrfzj96mzfmn2nmlrf0e6z2pcuemrc,5c609bf443dab89a0dd7284f3f557da50f8b21676757f53849ef54f84166a01c,11,0xe2a854f22c564fe6cb9d1f439756b387d33de81d70b3ba03342d95a13731ed71,0x28fa36839e4126c820a8b66ffbe2683850ebf0b68d6349399126c0d62ce4a982,0x1,unknown
bc1qggrctnwgxrfzj96mzfmn2nmlrf0e6z2pcuemrc,44bf05775e7a5c10e02ba4c205520ccfde7a7404ddd12fe7cf797ccafefcde80,0,0x911537887d764613e34a7036656803d5dbf5d0ddbe01b92dcc4c43a64d230d48,0x7c2f89068dc0b43074f3cc85120fef45f0f6284f0e9c329328bec7bdbc110c37,0x1,unknown
bc1qggrctnwgxrfzj96mzfmn2nmlrf0e6z2pcuemrc,868381ba6e02331bff8ba567d928bf81fa20f818344efdb6388caa01b54b2d61,0,0x71491ee3e28911766f3ce87cead76b009a66ea4ac20ec2174edf4af3e3b9c3d4,0x7bdcc3c3bac4ef89d07d56c5c82d29ed6cc2ff780466623cf837090b6239f19d,0x1,unknown
bc1qggrctnwgxrfzj96mzfmn2nmlrf0e6z2pcuemrc,868381ba6e02331bff8ba567d928bf81fa20f818344efdb6388caa01b54b2d61,1,0x10a34de3633457b39a9087a7aafe58dc499305c0c613761a77f0cd1316b4831b,0x5d4a2807ec4f5e4def500e262f6d5f9596260055a6e25585d7c4daa4dde23e3e,0x1,unknown
bc1qggrctnwgxrfzj96mzfmn2nmlrf0e6z2pcuemrc,868381ba6e02331bff8ba567d928bf81fa20f818344efdb6388caa01b54b2d61,2,0x74ef6a79d2d6c07489078fa351885dd7f123d1af84b898f04e89c9ccbc555f82,0x5c964c2cbfc4b4a61f465c3ca7fdbf808cc9a2869922796e84460660c3117e34,0x1,unknown
bc1qggrctnwgxrfzj96mzfmn2nmlrf0e6z2pcuemrc,868381ba6e02331bff8ba567d928bf81fa20f818344efdb6388caa01b54b2d61,3,0x10c29d8ca5580da6016877316fe56b374c9515a32a82b04b6db6d50089f23a9d,0x7c83fe24d78f7ba6fb1e64684713ac4425ab3e7b348eb200c442dc8e3fdd6f72,0x1,unknown
bc1qggrctnwgxrfzj96mzfmn2nmlrf0e6z2pcuemrc,868381ba6e02331bff8ba567d928bf81fa20f818344efdb6388caa01b54b2d61,4,0x7116c25e9c159ced198d80671bdc3fa1d105b9faa49eb1672e039de9f275ac99,0x4f188e58fa16e33681efe617564a1ed158ab40494714ab34898986d9ad85e465,0x1,unknown
bc1qggrctnwgxrfzj96mzfmn2nmlrf0e6z2pcuemrc,868381ba6e02331bff8ba567d928bf81fa20f818344efdb6388caa01b54b2d61,5,0x2130dcebb3cfe4194da6ce2a0bf6244dcca7a4db90d65108c03ee4928b98955e,0x790a053f22b1423718263a6f984ffc9f26d08e459051f6f9fd3757ba45bf4913,0x1,unknown
bc1qggrctnwgxrfzj96mzfmn2nmlrf0e6z2pcuemrc,868381ba6e02331bff8ba567d928bf81fa20f818344efdb6388caa01b54b2d61,6,0x374bd7269d7657d7acf8747d32127ed4fd69c0ba0726d4a4145aa1fd93ae2140,0x2678c998005a599c173600d9db63e934cbd3720ec014c6b74028cd64dd6c70b4,0x83,unknown
bc1qggrctnwgxrfzj96mzfmn2nmlrf0e6z2pcuemrc,868381ba6e02331bff8ba567d928bf81fa20f818344efdb6388caa01b54b2d61,7,0x1d313ce5d26767efe1eb85ae58406e5d262e48611e8c5aeb83bbb1ba68e32873,0x5f8b12a36a6ddc8fd7e3ace63ef4eee6d1f9b6b138f3cc3dae006c827beb456b,0x83,unknown
bc1qggrctnwgxrfzj96mzfmn2nmlrf0e6z2pcuemrc,868381ba6e02331bff8ba567d928bf81fa20f818344efdb6388caa01b54b2d61,8,0xb0d86675669e5a1cd1836c0a7e782c6def019d6b2e24e28da8fa97dee1b77ac2,0x7c36f5f3397c1d1f30d79657eedc91f2cca6260f5c5d39dff36fc00b53df0555,0x83,unknown
bc1qggrctnwgxrfzj96mzfmn2nmlrf0e6z2pcuemrc,868381ba6e02331bff8ba567d928bf81fa20f818344efdb6388caa01b54b2d61,9,0x807b5a8c243b1706f6378a4c7f05e48bf8b96a3417857faf7c132b875bc0bd25,0x7728cd96e393be81ac320de72ac7d17a08bc43992b924fbfb09e9303335097ab,0x83,unknown
bc1qggrctnwgxrfzj96mzfmn2nmlrf0e6z2pcuemrc,868381ba6e02331bff8ba567d928bf81fa20f818344efdb6388caa01b54b2d61,10,0x4d31736bc0f70e18a571bfd5e6e15e62582d72520fff975ef4c317d8c72e8b37,0x42a51379079478799e7001ef81ec4eb65c9f0245f0d391b2a3607725a6c9ae5c,0x83,unknown
bc1qggrctnwgxrfzj96mzfmn2nmlrf0e6z2pcuemrc,868381ba6e02331bff8ba567d928bf81fa20f818344efdb6388caa01b54b2d61,11,0x7d99bfe48c6b42a342cbd9558ae016287705a07dd957e33bd6b732ba2eea1262,0x69229af7c66d3f5d0080ecc5e844b0d68824da4969ee30c862639fe6f90c3cea,0x1,unknown
bc1qggrctnwgxrfzj96mzfmn2nmlrf0e6z2pcuemrc,91c6594a686cdc1b08e15ac719d1ae5f62f85aaea884c4525c16a8f3934f7584,0,0x8d39e4da47961222659725f25a177b1c4e0442eadc6d86dac34a55cfab50fa68,0x37ab6067fdd084e87dce686e358505c3be3b685ae30aa3712dfcdb91ef557306,0x1,unknown
bc1qggrctnwgxrfzj96mzfmn2nmlrf0e6z2pcuemrc,6af3a95b48af277e67b74739b13c667c2dec958b5532fb37ed94c37f65f2d30d,0,0x8f0cec31093004490afaf53d98f084c81591fab613e9d03d09ae66ced9fb724e,0x3a5fc1543b6594822eface5430c6b2a53d9bb802af0cc4d91d63dde6190b71ff,0x1,unknown
bc1qggrctnwgxrfzj96mzfmn2nmlrf0e6z2pcuemrc,6af3a95b48af277e67b74739b13c667c2dec958b5532fb37ed94c37f65f2d30d,1,0xaecc4ec81ba4d6350bbd0f920a2ea557ae05ad986b5f5620d359f78f668f2b49,0x195a724358666ea3ebd43c22dc950de4b9eb0cd62294d3ec1f8e727a0d83ffc3,0x1,unknown
bc1qggrctnwgxrfzj96mzfmn2nmlrf0e6z2pcuemrc,6af3a95b48af277e67b74739b13c667c2dec958b5532fb37ed94c37f65f2d30d,2,0xfd679ce628565bea0244c0740fe26626245b743f9f7311496dcf399762402cf9,0x185d6fcb2aa6d25efebdbd462e58c13e3241769038fa47d041f29ad55b5351c0,0x83,unknown
bc1qggrctnwgxrfzj96mzfmn2nmlrf0e6z2pcuemrc,6af3a95b48af277e67b74739b13c667c2dec958b5532fb37ed94c37f65f2d30d,3,0x706944b46268dfdf16ce913d0c54260879d6e0fdc92387e3cd65ff17a8a458eb,0x65a764e4fb50275d51634740bbd560ed92b4cb182703715fffc2f5fe6fcb766e,0x1,unknown
bc1qggrctnwgxrfzj96mzfmn2nmlrf0e6z2pcuemrc,6af3a95b48af277e67b74739b13c667c2dec958b5532fb37ed94c37f65f2d30d,4,0x1b6f9b124fb20578551c34d4e05ba12daa2e18581b9cea1848ba7be911db0368,0x6c6eb6f8e57625db4c9a0d68198481947f9bc9b69bc5466d6dc26cad81f055d3,0x1,unknown
bc1qggrctnwgxrfzj96mzfmn2nmlrf0e6z2pcuemrc,4cb4399019ec9f2a90e797a3b3366bf30a953ed31f0427b6aa53f7d36e22cdd5,6,0x4d2afcbb188c62b7839d46d206bb1ce129aed41d9cd24337451920c556aff70a,0x4a4e33cbb364f31a0e431fd5d65de0023fe2c902b0b8e54eb19a9c92add2eb80,0x83,unknown
bc1qggrctnwgxrfzj96mzfmn2nmlrf0e6z2pcuemrc,4cb4399019ec9f2a90e797a3b3366bf30a953ed31f0427b6aa53f7d36e22cdd5,7,0x8fdd2fbd81010c9190f50ccc8b0229af5add7a88bbfe734a8bc199230923d6ad,0x3cab2311f5bfe013c13e79a73160860b08bf52f5e28b44ce6467ca073d386988,0x83,unknown
bc1qggrctnwgxrfzj96mzfmn2nmlrf0e6z2pcuemrc,4cb4399019ec9f2a90e797a3b3366bf30a953ed31f0427b6aa53f7d36e22cdd5,8,0xc17e80da075f8513b09baf2b2251822b5d6ca3314c1df0d15aa2e71f5e594a6d,0x57f22057cd066c87308143490bc596f42cc3e51287a260c4c5503b35a7d38957,0x83,unknown
bc1qggrctnwgxrfzj96mzfmn2nmlrf0e6z2pcuemrc,4cb4399019ec9f2a90e797a3b3366bf30a953ed31f0427b6aa53f7d36e22cdd5,9,0xb0f7e33c73b7c422656bf881bdfc85bc5ef2c16d13056072a1c8d7a144eb4142,0x6095005455856c8631a5f314672987db4c38bca41bbe2f5a57903235377221ac,0x83,unknown
bc1qggrctnwgxrfzj96mzfmn2nmlrf0e6z2pcuemrc,4cb4399019ec9f2a90e797a3b3366bf30a953ed31f0427b6aa53f7d36e22cdd5,10,0xe571bf7c5c6ae5fac7176ebc982a9d08d7422a602860636ae71cd5f9d2e39031,0x662fe62a8467798734e0c9c48e3978380fd947b2454b3e4693705d2f79ed2bd,0x83,unknown
bc1qggrctnwgxrfzj96mzfmn2nmlrf0e6z2pcuemrc,8bcee4948eb7ced66461269441072692aa004251385b6d4de167d08c77f8cb77,0,0xddf34e0a496b60e2295378553d33d67fbcf043ae0c39eefaa376aaeea26ac3ed,0x783df82abc77157f6449a6411a3e0999f7916e6d8771dec879c9c8d1a4029f9c,0x1,unknown
bc1qggrctnwgxrfzj96mzfmn2nmlrf0e6z2pcuemrc,8bcee4948eb7ced66461269441072692aa004251385b6d4de167d08c77f8cb77,1,0x59f4798cea2872a7ab87d5eb99b8a67843746a08ab54a961c272d8cfc287988a,0x40794a46dcadecf657bfa003dba66c199e769ab2467c7d89ca7eaa45db2eac3c,0x1,unknown
bc1qggrctnwgxrfzj96mzfmn2nmlrf0e6z2pcuemrc,8bcee4948eb7ced66461269441072692aa004251385b6d4de167d08c77f8cb77,3,0x18261f83b8aeeb001d477c49c86e8f5457a7026492ce9a015dacaf00842a6982,0x487ff17f322611e50ceae8e4af80363057d1f7d0b1de64e30b18de762dfdbdd6,0x1,unknown
bc1qggrctnwgxrfzj96mzfmn2nmlrf0e6z2pcuemrc,8bcee4948eb7ced66461269441072692aa004251385b6d4de167d08c77f8cb77,4,0x7a34cf1ac267748fd016a5b5acf841aa354f75579dd8214715dd58a8b3d60aa0,0x1f622cc8b707227caa8b3550c9563bf537fe51f72de891590b0de9813c88871b,0x1,unknown
bc1qggrctnwgxrfzj96mzfmn2nmlrf0e6z2pcuemrc,8bcee4948eb7ced66461269441072692aa004251385b6d4de167d08c77f8cb77,5,0x12ca8ae1fdb8e995809d0a02eba443005ab519641bb62f6e0c5c6a68034053e8,0x3bc044816724196a698d3983e92fb808cd66b1b0c5360634071a8e03cb63ed1f,0x1,unknown
bc1qggrctnwgxrfzj96mzfmn2nmlrf0e6z2pcuemrc,108705c825bb2c8f4ca6a265332b23a5922206970d86aafb273e35a11ee49b8e,0,0xf929e978bc082ebf06d318bd56dd24cf2ae6fecf72fd3b19f5090e772c8eef3,0x1cdaa0614abd14dbd01d0011caf69ccb2ccc6e9a7afab5971edd686f035cf7f2,0x1,unknown
bc1qggrctnwgxrfzj96mzfmn2nmlrf0e6z2pcuemrc,108705c825bb2c8f4ca6a265332b23a5922206970d86aafb273e35a11ee49b8e,1,0x2912ea264889db7269edb77865218ae1042724defd9ffacdeaa315b7cc5e0955,0x17c03b481b5bcdbf648fdb87f15d92e06b7b5e091049330481f68e3250cf48f6,0x1,unknown
bc1qggrctnwgxrfzj96mzfmn2nmlrf0e6z2pcuemrc,108705c825bb2c8f4ca6a265332b23a5922206970d86aafb273e35a11ee49b8e,3,0xcde14166c8735632570b6f72f6b59b9c1e63d07d8b674d59c0c1cacfc7f1982a,0x2ddb6cc38aff8c36b1a32254e50e4bba82c817cd385cfc7c338976fe7975907f,0x1,unknown
bc1qggrctnwgxrfzj96mzfmn2nmlrf0e6z2pcuemrc,108705c825bb2c8f4ca6a265332b23a5922206970d86aafb273e35a11ee49b8e,4,0xf618933aa73ce2087196d0e7ba89bbbd17f6bdfc5fcaa0a7b9cd9909f31c13fa,0x46d443a73998a6dee443850e3ba19fedb49ea7526b075332c7b74148e71ab1f5,0x1,unknown
bc1qggrctnwgxrfzj96mzfmn2nmlrf0e6z2pcuemrc,108705c825bb2c8f4ca6a265332b23a5922206970d86aafb273e35a11ee49b8e,5,0x28e75191808a94bcdf40f2b8f23a8b9bc4218914f2ff9a36adcd7bd32cda4ca9,0x292e4c6b54273db59e9bf8041b0ff1ed977504f3a86ffe6fa8e859ad4187bf3f,0x1,unknown
bc1qggrctnwgxrfzj96mzfmn2nmlrf0e6z2pcuemrc,19f352e02adadd5cc7b13ca9602e30bc9253969a108ee99d1fc5505a6635e0ff,0,0x43b3600bedcabc040eb013168e2251755751c46d7ddda06d2e85b6c8c1fcf1b8,0x409dca685448c18745d5aa484f8fb16843a6e368023fb7b1587bdbc255675fdd,0x1,unknown
bc1qggrctnwgxrfzj96mzfmn2nmlrf0e6z2pcuemrc,06cdd239046ad9d0c6fcfb1c0397e5151570c8e37708b06b198ea78fe2ea23ff,0,0xed66315df5a9210fa9ed80e8f06ee88cdb7941ee5757699c06ca5c48c28566ac,0x1cdba79eaaf9d84ae1fc56c871c7d7fddcc2c235075a9506a439172465d5faa3,0x1,unknown
bc1qggrctnwgxrfzj96mzfmn2nmlrf0e6z2pcuemrc,bd951577848c2b4a5453fbadab4536ce97cb846d0bcf9eb10c06f7bb082f87fd,0,0x18493ee29a6b4112ad5edbec50d2a160f4299073d4d8b50aecbdcfbf497b3e95,0x576d3123aeef24d28ec65679695bddfe12825d0a0eca85dd7c65c8f2ad3b97e9,0x1,unknown
bc1qggrctnwgxrfzj96mzfmn2nmlrf0e6z2pcuemrc,8ffe28f7c29d75d2aef2d5760a1807823157fd20cef1f97eac5729afc1ded6fb,0,0xf03e491ce69f1cfecc566fa65f10a47774bc007042623b54486594e1fb6a8ba2,0x3af035475858045d9625218776e693754b2503be24d5a272b8951b7a0e4a3433,0x1,unknown
bc1qggrctnwgxrfzj96mzfmn2nmlrf0e6z2pcuemrc,89168d3bba9ce003381971890580ae5936e178f662447b9d8e891a48a14b26fb,0,0xfc43cfe5a777d349e8bd7da432db3fe9087021c382f5e4e242c8fe5a5c58ad1a,0x41740268a0aae6b9cc1bb8c6f1536bf49b1359c91eb0c9697b914f00cd33a018,0x1,unknown
bc1qggrctnwgxrfzj96mzfmn2nmlrf0e6z2pcuemrc,fae48dd4f2f76500c9cb37b3f38221c788e472e58210e8617246166a092026fb,0,0x908b91d81177c941f35c2e0a020d17c6dc7b7433d4f9c1f81b4638a031353d96,0x3468a6e040911211504c5ec99d83ed7c44c12b71e5362bd68cbeff864306311,0x1,unknown
bc1qggrctnwgxrfzj96mzfmn2nmlrf0e6z2pcuemrc,e5b9201e4aaaf47aaa08ba1e63c4b5311318c5432c0992901220aff3075d09f7,0,0x60d073e70bd2aba525b8c3262117005e9e49de02e2788fa10ed0f7aad81de0d7,0x2a6dedad5b22e88c00d7f8cc15e4e107ae0e2a674c27dbe52b8390002d77f5c2,0x1,unknown
bc1qggrctnwgxrfzj96mzfmn2nmlrf0e6z2pcuemrc,c96c1f182d9d91c3b74f7d32c1753ab916a8ff8d51da5bcb8938effb5e92eff4,0,0xfda04fbcfc832abb3311e70989088633033b593fd64f1301ca861389e5c4d668,0x6140da4e77253de45fa5d63c170a0b23d20923b6197e4f372d8b3e1cf233f462,0x1,unknown
bc1qggrctnwgxrfzj96mzfmn2nmlrf0e6z2pcuemrc,84ea46336b7c89eadcadd1dbc152a7188730a01c2874f69a5d1827a3bd2127f4,0,0xec1c0be2a48dc319a0fce6622e708e30b3a6ae9e097fd4e4010f468c85e3a2d3,0x10c34367cf86e3ece56a71f1d6dbff54027e6b208db844d362c64e228f853f7c,0x1,unknown
bc1qggrctnwgxrfzj96mzfmn2nmlrf0e6z2pcuemrc,e4cec66cca426846a86800c0bacb72cc136b71eeb7c657f096511eb0874bedf3,0,0xfd6e0940af7a328bc90732e34d40c9e857ca60e6b46fc779e8f58e43e9ac5db0,0x10d77fafc9556981c818763a0c8ed56aaeae2abbf22a012ac086fe56da44bb5c,0x1,unknown
bc1qggrctnwgxrfzj96mzfmn2nmlrf0e6z2pcuemrc,3c08b39128ac5950d6103f8157d642973248e82628feaa32e69ef60fa18a68f3,0,0x623cc00302fb92b41999d5dfaa73214e01d51471543f8ddcc0ea9d045de9012f,0x7ef5d367f12531b4536da3c663f4794a7d2f12a181ad61543d1052897a055c2f,0x1,unknown
bc1qggrctnwgxrfzj96mzfmn2nmlrf0e6z2pcuemrc,f32fcad6a555babb1989f79577358538737a995aef9cf24a5a1a9e5c6009def2,0,0x650cf66256e56cb7cf059797c27d592b61e7e5ed5bf9417c7b2b67f62edbc9ce,0x39d60b40291f7b78869723229146900ffe1cd46fb979c53ba7dc6a59043e3c43,0x1,unknown
bc1qggrctnwgxrfzj96mzfmn2nmlrf0e6z2pcuemrc,1f741027bdc352e1c29151321525a9125e49ce99bc6b01bbe0793f4cd3118cf0,0,0xd109169bd61382e7002f79ce1d3aeb8d39984ddbcc726436a2a5f800fc01d7f5,0x34ae43e902c105f145087744deafa828bd5addf11989d0bc4c53f615ba3fff3a,0x1,unknown
bc1qggrctnwgxrfzj96mzfmn2nmlrf0e6z2pcuemrc,ffe3593f4db393cd72855504d5cc92c74009003705842500bee72a8485861bed,0,0x9ca2fab413545815c8574f4cfca2d6b9726b1f6fb787265f337b4188ab52bfa0,0x1ea0b5cb5f55d60a1939c4326bd4e1c1c81edbfca9b11d436d84f04cf34eccad,0x1,unknown
bc1qmrx2zq5d8u38rgsuasp5nm3kdyy9k6aaff67d5,24d3ae912600a82b4cc7fd3c5c0e02bc963664fc54fbd1b11afa8d4edfa510d8,0,0x6133b791502bf0b02f4e8e0ac665926c87342e91d053c6f0e2ffcb8d12e282e1,0x3da2c01719aebde06a36f3922aac1e867b191ac3c61b279be105ae9470927925,0x1,unknown
bc1qmrx2zq5d8u38rgsuasp5nm3kdyy9k6aaff67d5,ef05d907617d5f7d694d7fff43f95ba3c5f4c3ebb9d31f7b2be36850cccb24c2,0,0x454437dd2b2b7f32bb392fb1e63ac7672eadd77fe1d7675b4559aa43679b70ed,0x7ae74392290cc5c98f65f1802c1d2b6ac9fd8ff002cb100bdd9f7ec1b67b4ce8,0x1,unknown
bc1qslzkm0mcqk5s8083mv4x6kvx5p743alxt5fvs8,4f6cad467f05857db67e126e3071b2df0bd461899263af257cf68adddca91072,0,0x303039591c772ec0742cca094e78faa7946ac2fed1611e399f7b1c2946338e12,0x51d8acfb5f45540149209b6252265d2ca30ba31d7c31653bd3795db347dc30d4,0x1,unknown
bc1qgzprpwykjrlstl8ypgytdcjtwtkkp7tp0c4du4,b3b82680355c2e4411cdec4c81f394232163557b56d4484fd89ddeeae75e769b,0,0x3f0e7de4b7beb576b19eea60339413fc12ff13a567f623683306d4cc552def84,0x6efa7383c2311af48b382e2ce957d5ab208a924511211c70333ae935e7cf7e43,0x1,unknown
bc1qaeq802pmjylvm3f2k5xmna8tfsdga5jcm0n765,6ce9bb6ada6e7a9834e9ab875a13bb89a5da20d4e44afa6466475e4eabc4ea5b,0,0x8c908894b51778b0b0c834e04831519deef375a0a53edd362e00f7cf4dcb7061,0x48e0e40cd362b876e9fa2ad222b3cb905ed5f60da906110a612ad9a923c2a0fa,0x1,unknown
bc1qaeq802pmjylvm3f2k5xmna8tfsdga5jcm0n765,284ca4159c88cec184dad09e63cb3a4403c5edd80a1e844a6dc3f4a4ccbb2a44,0,0xed38efe9e894e8ab4408676045ddbee0c28e5256d2e808a859df828ffe6ea678,0x4074e618a2b17b77e5f7f19f5590d59eb3715d1619b8d9290265660741776608,0x1,unknown
bc1q447jght7fx069ztwc07gfejpxcmd6x7mp495sl,ccf7882799f14a43f799ceb69a914212fb8c7a6327e03ee5dd6540d3c8c92d61,0,0xda3e4115c0a8e1f4d701fa50d1a204f2a9f7f9833d8d50e18e74c00fcd5466ed,0x5b86c43b943c5d33bc493379440ef9be05a44501ff3321ecfe4970bccb324467,0x1,unknown
bc1q447jght7fx069ztwc07gfejpxcmd6x7mp495sl,90ad6cd258e750eb3eb96100165b43fdb5c245d0bb5ec65b93067ac87dc75ee5,0,0x56d5691261f662fc2bad048d938869bd6350fecb78e82cea961c32d083801c93,0x4a53374e9f7204077bb1dcc0247756e84eacb23cf99cd818e026ac21ecfb545e,0x1,unknown
bc1qrhck09yr2nz48ae9639rqj4jckwyhzpz4vlnu3,00f58f340803d8d54904e3096dc13de6751615ab322c6297fc4688a6124ba83b,0,0x7da9fb431aa16995747bf0d10ed011931aad713d3995fde912e5580c7e14fb93,0x5971f472834685701bd007e7900807d9088660d1ac83d687b5fcfe9641e8dca3,0x1,unknown
bc1qrhck09yr2nz48ae9639rqj4jckwyhzpz4vlnu3,05caf40c39a44cac62eee46611858fda8e282b9fc8b44086eed83ef76268cfbb,0,0xbf936cd1fadbcd0a69d46d93cfe4d443aff45030fa4eed78b27d74386b5248c3,0x1f618ba16b395c6f25201452e2bf5bf45e61b5264bc4e1a82c4079f931262d99,0x1,unknown
bc1q86ltpgv08srm28gd04zy2yt2rdkgyqjcgew85f,28f6db963ab57599ad797c0b09144598714adfd3fb6039e252b7ca2d50ef9637,0,0x4145c77366683034c141b21c4e1e2b2eae0c14c58e4371da06b73c672368897,0x41aa84cf7d920158b9bea232e2cd68f0939837ef512bebc0887220de6998b19f,0x1,unknown
bc1q86ltpgv08srm28gd04zy2yt2rdkgyqjcgew85f,28f6db963ab57599ad797c0b09144598714adfd3fb6039e252b7ca2d50ef9637,1,0x3560d8a1cbf32301b8bb3581501b39ec1d6b43e6a1918b5d772c0db74db56fa9,0xc32e73883194e03da5484fc92d34fd94d71fa831743ae29bb30a4bea54382ea,0x1,unknown
bc1q86ltpgv08srm28gd04zy2yt2rdkgyqjcgew85f,28f6db963ab57599ad797c0b09144598714adfd3fb6039e252b7ca2d50ef9637,2,0x53c172c002ce1035cdcfbc5e99c33b342066a9bd5fe50b569ca1fe1bc2a0105b,0x295e5e5caac7453109c75f2fbfaed7e373b4b3d0eeb1ebc7417eb3da343e28a,0x1,unknown
bc1q86ltpgv08srm28gd04zy2yt2rdkgyqjcgew85f,28f6db963ab57599ad797c0b09144598714adfd3fb6039e252b7ca2d50ef9637,3,0x3f68c8af6305a4955ea043afb1ea2e331e686c6ab33b8290b8ff6f3ff7882807,0x732c22af916f90725bee73cdef2c65ede46e987704dd011e8179d23d9e3d176,0x1,unknown
bc1q86ltpgv08srm28gd04zy2yt2rdkgyqjcgew85f,28f6db963ab57599ad797c0b09144598714adfd3fb6039e252b7ca2d50ef9637,4,0x41dfded45ff45b8d79ff873f5b0265e98614e771a165c61aacedcddf2981d70e,0x20a51a8e5d419860e76c003cca8bc22be2ba5f7a8b2ad7f840f5b43b3af31343,0x1,unknown
bc1q86ltpgv08srm28gd04zy2yt2rdkgyqjcgew85f,28f6db963ab57599ad797c0b09144598714adfd3fb6039e252b7ca2d50ef9637,5,0x56c999d1a1458d4955b8ae3f33ad7b0a31a04abf428954168b22b08e49b9619d,0x42e467582c81e421236f925bd59845f28ae9e8ab8395f7b466e42dbc19eeb445,0x1,unknown
bc1q86ltpgv08srm28gd04zy2yt2rdkgyqjcgew85f,28f6db963ab57599ad797c0b09144598714adfd3fb6039e252b7ca2d50ef9637,6,0x38098980e48325a3e419a50b73765183ed7e04213d6f69ad9e3a33780210b1db,0x73d3f6b15abc49cb7f560133747f7022c3320f6b9f39ffcd298309d48006edec,0x1,unknown
bc1q86ltpgv08srm28gd04zy2yt2rdkgyqjcgew85f,28f6db963ab57599ad797c0b09144598714adfd3fb6039e252b7ca2d50ef9637,7,0x3c1569c0c23046a19a064f3bdc01c0f52702f1d2dc0a40e284b082d2d6717af0,0x5716b73b2267f9b74671d1c2974467a94e576eac3f596953929dda1ae7eda144,0x1,unknown
bc1q86ltpgv08srm28gd04zy2yt2rdkgyqjcgew85f,28f6db963ab57599ad797c0b09144598714adfd3fb6039e252b7ca2d50ef9637,8,0xcdf1228c3413063ffbb68cbbbedab6716363a39854abacdeeeab607df619fd1,0x634ef9e030b8f6d9e86745add5bc87c97f70fe720b90395ec7c100f8c839cf03,0x1,unknown
bc1q86ltpgv08srm28gd04zy2yt2rdkgyqjcgew85f,28f6db963ab57599ad797c0b09144598714adfd3fb6039e252b7ca2d50ef9637,9,0x344166a7b03d235c66be13b4d94ef38f296a7c9c18474593c82125a64c8e1eed,0x22dbdaa17f88df76b92d11e83781ead18ea9007242b5b3df3f583ddc266e3573,0x1,unknown
bc1q86ltpgv08srm28gd04zy2yt2rdkgyqjcgew85f,28f6db963ab57599ad797c0b09144598714adfd3fb6039e252b7ca2d50ef9637,10,0x3d1890f2ab6b7426c35d343f5d6b010eb2d435ecd072918d569e5c4e67d32cc6,0x5de06ad395598ce4d059b5953516fc9d8e0da1a7e42e50dd73975932e5663ac8,0x1,unknown
bc1q86ltpgv08srm28gd04zy2yt2rdkgyqjcgew85f,28f6db963ab57599ad797c0b09144598714adfd3fb6039e252b7ca2d50ef9637,11,0x4fc72379251757fd06903a28888084b0c633d0047b10bea8da142366a6166864,0x169addbbeddb6c95e18ed1d583a68d13309b345d87d42338eca39a93c3582b3e,0x1,unknown
bc1q86ltpgv08srm28gd04zy2yt2rdkgyqjcgew85f,28f6db963ab57599ad797c0b09144598714adfd3fb6039e252b7ca2d50ef9637,12,0xe7fab1954f5123ed60be37c72bbe9494e28871a93f27003024a92adf8f64c0a,0x25862da99e0e79a2dc61381d302d93bf26f6ce7c2c1c31f84b4c58b71dfed136,0x1,unknown
bc1q86ltpgv08srm28gd04zy2yt2rdkgyqjcgew85f,28f6db963ab57599ad797c0b09144598714adfd3fb6039e252b7ca2d50ef9637,13,0x7b0b1c4f2009f08d75c02e8db44cb1e5fbc3b493b7ea9e0f345516d0030fb827,0x6f4da95802ade90fce95d1a7b51192118e5f1947f642b53b62756126e14b68c3,0x1,unknown
bc1q86ltpgv08srm28gd04zy2yt2rdkgyqjcgew85f,28f6db963ab57599ad797c0b09144598714adfd3fb6039e252b7ca2d50ef9637,14,0x6f94832a3f88d49ec950fd8c3c78aa61eb3256e2a14eb43a5b844957d24fcdc5,0x4e26cba2f2dc6d655d0841c6a4982f7b85433f1b2c9035b23bff5d3f57b7504e,0x1,unknown
bc1q86ltpgv08srm28gd04zy2yt2rdkgyqjcgew85f,28f6db963ab57599ad797c0b09144598714adfd3fb6039e252b7ca2d50ef9637,15,0x14bf5be36f6dba41116a23a2a841f2cbdc29a238418cbd4d50d91b697c2da62e,0x1c8d00e22c05a2b7c6cdc8f5e141dfc5a66446d932465623d745d84da31f59ca,0x1,unknown
bc1q86ltpgv08srm28gd04zy2yt2rdkgyqjcgew85f,28f6db963ab57599ad797c0b09144598714adfd3fb6039e252b7ca2d50ef9637,16,0x6ca9f82a3f41b73dd6de3109d29220ce5a52634492eba1691f6c94e5f8b9f2d3,0x5287fc636b75e46b258480faff5809cb29545c6991a73fd4b64e0e4d63ed9ca9,0x1,unknown
bc1q86ltpgv08srm28gd04zy2yt2rdkgyqjcgew85f,28f6db963ab57599ad797c0b09144598714adfd3fb6039e252b7ca2d50ef9637,17,0x782bd65858aa17cbccfdd2b7b3e5e5c13578c84643b2eba848d5fc8b343e6f5d,0x533e61d1da1ed4537fe4f764f3ade541e5f3ff2c837ee6940358121a5ff18da1,0x1,unknown
bc1q86ltpgv08srm28gd04zy2yt2rdkgyqjcgew85f,28f6db963ab57599ad797c0b09144598714adfd3fb6039e252b7ca2d50ef9637,18,0x2d8a513944461c98723227855b30c3fad0df5fc1cf04f45c8f64e91d24fa6f4e,0x2ed03929db463849f5b3f8befd59d8fa9ab85b521b58c9497ede372e4f344f61,0x1,unknown
bc1q86ltpgv08srm28gd04zy2yt2rdkgyqjcgew85f,28f6db963ab57599ad797c0b09144598714adfd3fb6039e252b7ca2d50ef9637,19,0x6b21691a8efdb48dc7b3af3cddc906617979702343e7708fea638047d9d57dad,0x5612baed69901603d70512a4d0dfca204c8fdc2674f906def8e88137b07b53cb,0x1,unknown
bc1q86ltpgv08srm28gd04zy2yt2rdkgyqjcgew85f,28f6db963ab57599ad797c0b09144598714adfd3fb6039e252b7ca2d50ef9637,20,0x2bd0ea7865a9a0a9449541a4b02de762908efe22b580bbf47d46be489a30b6f2,0x5d10a5a8557fb2dfb1821c2e940fff24061b8cf07d0784be926c163fe214a3e1,0x1,unknown
bc1q86ltpgv08srm28gd04zy2yt2rdkgyqjcgew85f,28f6db963ab57599ad797c0b09144598714adfd3fb6039e252b7ca2d50ef9637,21,0x2fb056103dccadd56d114eb1356ba6278f6103a26e0a5660167a24a8c5ab8836,0x46d1279229904d17f76034532e3848a4d365063af09172c092d2dfc386c98ff7,0x1,unknown
bc1q86ltpgv08srm28gd04zy2yt2rdkgyqjcgew85f,28f6db963ab57599ad797c0b09144598714adfd3fb6039e252b7ca2d50ef9637,22,0x6f429a9a36005734c7f79b6d0e8c0b151ff88b2c58f51990342b9b4f8f44bfa3,0x5672a0a78faaf78cd75f28c20603d96872753ae3d27aa3f72f573f4d50bf6cb,0x1,unknown
bc1q86ltpgv08srm28gd04zy2yt2rdkgyqjcgew85f,28f6db963ab57599ad797c0b09144598714adfd3fb6039e252b7ca2d50ef9637,23,0x1d627251c22bc44cc1e757f0c2bcafc06cd0c6863ec0e96e4b6e4bb30ab3cbc,0x5f4e2105548206b8ae9136b319656a17356877403d27e31edcc93796472fba0b,0x1,unknown
bc1q86ltpgv08srm28gd04zy2yt2rdkgyqjcgew85f,28f6db963ab57599ad797c0b09144598714adfd3fb6039e252b7ca2d50ef9637,24,0x4e7247de6b4309ae1199b47af5f16c767faf6356726a496e185182e0dbde7f3a,0x1262aa3dd4a553df0a985016e226e878258f0df88be9819dd60d04ad22f3cd4,0x1,unknown
bc1q86ltpgv08srm28gd04zy2yt2rdkgyqjcgew85f,28f6db963ab57599ad797c0b09144598714adfd3fb6039e252b7ca2d50ef9637,25,0x6d22c68fee3e7f2738d62dc248f623daadc1d9389884ddc042aaa54e24de9daa,0x5a8dd80f7a776cd45cf832f9de824c2b0c4e388b048dc02614f0476ca99b3501,0x1,unknown
bc1q86ltpgv08srm28gd04zy2yt2rdkgyqjcgew85f,28f6db963ab57599ad797c0b09144598714adfd3fb6039e252b7ca2d50ef9637,26,0x42aa1c59a10ae32d0190e0fa163ef62c8f3c84d439780f9b025c27dafd2672ab,0x3a8430b3d2950c34f37f929007c015d6836eee93b7be5b41b9cb290c2b3c899f,0x1,unknown
bc1q86ltpgv08srm28gd04zy2yt2rdkgyqjcgew85f,28f6db963ab57599ad797c0b09144598714adfd3fb6039e252b7ca2d50ef9637,27,0x58a096543ee0379feadcce0d2d89553d612ee9034834e278220f245d8ad61bc5,0x7eddc48937e9b8b75d094f8394f53719a5a1eba2b4db49562184567c03b2d6b2,0x1,unknown
bc1q86ltpgv08srm28gd04zy2yt2rdkgyqjcgew85f,28f6db963ab57599ad797c0b09144598714adfd3fb6039e252b7ca2d50ef9637,28,0x3db1bf70611fffc17748fb6094420d38f89dd392e720398a27199c290ad5c95b,0x31626373cb26038fda74bf0a44551feaee0ab2372a3a5ebb0210a37ea553778e,0x1,unknown
bc1q86ltpgv08srm28gd04zy2yt2rdkgyqjcgew85f,28f6db963ab57599ad797c0b09144598714adfd3fb6039e252b7ca2d50ef9637,29,0x418b520c1ef0b8b3d6dfcd871c1bed853c5001a2ddba9e3c10e96ab2b296edd0,0x2d29ad190ff966c87d3057deaad4036843b5b87558ca5e741c35ff0fb8a9cfd7,0x1,unknown
bc1q86ltpgv08srm28gd04zy2yt2rdkgyqjcgew85f,28f6db963ab57599ad797c0b09144598714adfd3fb6039e252b7ca2d50ef9637,30,0xb547ecd2e5df7470a504a52dfc1a0d22fbe38e230cc4dfe60a79ff59cb8d3b8,0x7d02b5e34ea9361743e8e5617210faaa694dcf12d368c1cb2e6c5dd35aa26960,0x1,unknown
bc1q86ltpgv08srm28gd04zy2yt2rdkgyqjcgew85f,28f6db963ab57599ad797c0b09144598714adfd3fb6039e252b7ca2d50ef9637,31,0x5309a9f09f0c644c613904d9d1bd6d1525fc48a5605bd53ad2c7799f795fe7f8,0x6b3288238516520277fd1c2221984863a7c652f4d4e40fb4e5a19264943b1419,0x1,unknown
bc1q86ltpgv08srm28gd04zy2yt2rdkgyqjcgew85f,28f6db963ab57599ad797c0b09144598714adfd3fb6039e252b7ca2d50ef9637,32,0x3cf3e8cec715d36471fd39776ec65442d930b702282f486e193004e529a534cc,0x469e90039ab918fc9d07bb00035aac6293ac354b9a37568bc9d2a20d9dc1d4ac,0x1,unknown
bc1q86ltpgv08srm28gd04zy2yt2rdkgyqjcgew85f,28f6db963ab57599ad797c0b09144598714adfd3fb6039e252b7ca2d50ef9637,33,0x43c8333db03972f40b35366e0aa7a4da32e7d98c1efb7083fd44023880f0ad64,0x5991e848888122046727f4a514ba4a081ca0ef0a23dafed22207c78532e15cb8,0x1,unknown
bc1q86ltpgv08srm28gd04zy2yt2rdkgyqjcgew85f,28f6db963ab57599ad797c0b09144598714adfd3fb6039e252b7ca2d50ef9637,34,0x492e5d9a81bde211fdb740e9eea1e6e8bddf9c7c7dbe4410289cd8babed9613a,0x31889d446b4a5f496404c58f8484aa4db877cf119b8a345dda58c0d78b82d2c,0x1,unknown
bc1q86ltpgv08srm28gd04zy2yt2rdkgyqjcgew85f,28f6db963ab57599ad797c0b09144598714adfd3fb6039e252b7ca2d50ef9637,35,0x25b0e64cab1e2047b88a903a0eccfde8947b0d47b1a27c42e1e4cf7d22136d81,0x67f447dea9b9c5f5d01e562e2d7d0e8a6211af38a5019cf702c9e6812fa2c696,0x1,unknown
bc1q86ltpgv08srm28gd04zy2yt2rdkgyqjcgew85f,28f6db963ab57599ad797c0b09144598714adfd3fb6039e252b7ca2d50ef9637,36,0x303537f43bf0bc3df440b378885821cf2552ade7cbfe6921a941957408dac6e9,0x4ca23f04c490a4c9c7c0cd78044e38c7bd93a946907507c5f173c31288cf1df3,0x1,unknown
bc1q86ltpgv08srm28gd04zy2yt2rdkgyqjcgew85f,28f6db963ab57599ad797c0b09144598714adfd3fb6039e252b7ca2d50ef9637,37,0x7408027c1d39e41d9bcf623ef252eb6b1ad09c9b2d8b5595d45fea8a52217451,0x469d8460a36ca140f60949d7a3b58fbdfbdd74b6f08c4af7403cedf34fd2bdd7,0x1,unknown
bc1q86ltpgv08srm28gd04zy2yt2rdkgyqjcgew85f,28f6db963ab57599ad797c0b09144598714adfd3fb6039e252b7ca2d50ef9637,38,0x57f0de09422dbfe7edacd2f1a6ee312737d39f3fe880f88d59a3c37b60ca36e1,0x4dde526c4f55a3077ba3ea5338185f4741b70b8ff0167b874cb150024c723d26,0x1,unknown
bc1q86ltpgv08srm28gd04zy2yt2rdkgyqjcgew85f,28f6db963ab57599ad797c0b09144598714adfd3fb6039e252b7ca2d50ef9637,39,0x55ac2cb06450c555c297af49a6eb7a933bd4420e2ff490f362e2e26da8285048,0x51cb0c4bfe58aab2b63bf04d63c1916c54ebd6e2a46278ac1a77756ce9eb2966,0x1,unknown
bc1q86ltpgv08srm28gd04zy2yt2rdkgyqjcgew85f,28f6db963ab57599ad797c0b09144598714adfd3fb6039e252b7ca2d50ef9637,40,0xbff00f3fa71c1a3ecb77a55bfa7517482bb018be89808c2223c812db8fbdc26,0x7ff8df3fc69973db480911ad8f49b53ef374c5a157806be81096692fb413ebdd,0x1,unknown
bc1q86ltpgv08srm28gd04zy2yt2rdkgyqjcgew85f,28f6db963ab57599ad797c0b09144598714adfd3fb6039e252b7ca2d50ef9637,41,0x8286f9cabe6c31d9d2d53ae154470a7b9b7ae1fff53bce5e5d581f8d3bfa3c1,0x6b225ce07419d47ff5df069f37c4c55c12f7212ca50c1cb868313b0bd856cfa6,0x1,unknown
bc1q86ltpgv08srm28gd04zy2yt2rdkgyqjcgew85f,28f6db963ab57599ad797c0b09144598714adfd3fb6039e252b7ca2d50ef9637,42,0x4df8e00f626221eb9fb32c78fb8517edbdd9e729c61da42892b7f2efe7b38119,0x2e1c2c5214e8408112569827c2fa18cd68c01cb48d96193b5bc9c306da47b929,0x1,unknown
bc1q86ltpgv08srm28gd04zy2yt2rdkgyqjcgew85f,28f6db963ab57599ad797c0b09144598714adfd3fb6039e252b7ca2d50ef9637,43,0x720c7dea4f3efcd414165c4cebcb0b7308e524a106e2af26ceb0d5cfffc9c1cd,0x31ad4e2f8771bbb399b8cd23a5a6fd361eb7896065dc5abf98bd0a2f30e9b816,0x1,unknown
bc1q86ltpgv08srm28gd04zy2yt2rdkgyqjcgew85f,28f6db963ab57599ad797c0b09144598714adfd3fb6039e252b7ca2d50ef9637,44,0x89a3027cf57d1b0ed78d8d9cd1f96dc68f65a1b68b0e37d85cae0fc5a3f88a4,0x52c51a4a1ac625f28210d993da2c197425b3b4d5efe8e1ad66b201ec383db793,0x1,unknown
bc1q86ltpgv08srm28gd04zy2yt2rdkgyqjcgew85f,28f6db963ab57599ad797c0b09144598714adfd3fb6039e252b7ca2d50ef9637,45,0x1d4397671bbebacf5a54e5b2e8ec84722d67dc6c3a41cdce2647060bceb42751,0x32d4500cbdb0890070f192b2cc949b6bbe175ea5bff2e0ed48790e0c63aa1fd9,0x1,unknown
bc1q86ltpgv08srm28gd04zy2yt2rdkgyqjcgew85f,28f6db963ab57599ad797c0b09144598714adfd3fb6039e252b7ca2d50ef9637,46,0x4763cbbdf62cdc60c4325bd7f61693dd5223a3c72fc96be29faf74b9861d948b,0x4675f6f31005524f74641d33595fea2882961705709a1fa82808e61bc106864d,0x1,unknown
bc1q86ltpgv08srm28gd04zy2yt2rdkgyqjcgew85f,28f6db963ab57599ad797c0b09144598714adfd3fb6039e252b7ca2d50ef9637,47,0x30191804bede86964691ffcdc7d08c4353ac579abfb94957da1e93e9cf9c0102,0xcd191e0b58bd209762a092a2c902b055b965c16900022578da710b90c316c09,0x1,unknown
bc1q86ltpgv08srm28gd04zy2yt2rdkgyqjcgew85f,28f6db963ab57599ad797c0b09144598714adfd3fb6039e252b7ca2d50ef9637,48,0x521a59b50d758733377511fa255defeea54410a15d5327f9a25488c3893d4331,0x5b95ffb44785bc87d02cffded76fbddd0c1aaae4cb1b052eb2a842ae09dbc2e4,0x1,unknown
bc1q86ltpgv08srm28gd04zy2yt2rdkgyqjcgew85f,28f6db963ab57599ad797c0b09144598714adfd3fb6039e252b7ca2d50ef9637,49,0x6ebb396478787d58032cead58f68bc0c33cafe196f7a86ad892786bc1555ac13,0x68ba2ef2baa525ebd4a3bb4e08bcb0982abe5922fa2647166a684fd9cbcf6fe4,0x1,unknown
bc1q86ltpgv08srm28gd04zy2yt2rdkgyqjcgew85f,28f6db963ab57599ad797c0b09144598714adfd3fb6039e252b7ca2d50ef9637,50,0xb39fea59ddc1177c93fc947b55f11f121b8a1070ce32faf9b3ae08ef8b89f30,0x562aa081406b63dabe72abde324791af39348cc6616c835b3c898a90c005889c,0x1,unknown
bc1q86ltpgv08srm28gd04zy2yt2rdkgyqjcgew85f,28f6db963ab57599ad797c0b09144598714adfd3fb6039e252b7ca2d50ef9637,51,0x1cc0370842a3b9f784158b1ad8196bef59241e7a7c33a3661593513eada32efc,0x199be1c32f9c2771c2ac7b1e9a4bb2d7a84e57dc68ffda2fe825166652c38a36,0x1,unknown
bc1q86ltpgv08srm28gd04zy2yt2rdkgyqjcgew85f,28f6db963ab57599ad797c0b09144598714adfd3fb6039e252b7ca2d50ef9637,52,0x5611b4d9d9d8dae88376763b6bdc29a8d2df951ef4c23accd5b1738a3038fe39,0x4dd2968695ab7a9a8a0acffc0227c84f67908ec5300dc0458c50c4c54cc4c46d,0x1,unknown
bc1q86ltpgv08srm28gd04zy2yt2rdkgyqjcgew85f,28f6db963ab57599ad797c0b09144598714adfd3fb6039e252b7ca2d50ef9637,53,0xbdfd9dbaf76e354b48030dc3e58fd30b180bdc94db1aa5f1d5d598edc0a62af,0x30f03aa8f44fc44067ef035cec6517c0840df1eecbdc5be66644ac1d4647ffc9,0x1,unknown
bc1q86ltpgv08srm28gd04zy2yt2rdkgyqjcgew85f,28f6db963ab57599ad797c0b09144598714adfd3fb6039e252b7ca2d50ef9637,54,0x1ff4c40239320c6cb1235fac0466356405570c4a40686ed1084c17ccf227b39,0x62d15c3a195019330314680458587f3387d7596dc4eef91fe8c3bd37a98ca076,0x1,unknown
bc1q86ltpgv08srm28gd04zy2yt2rdkgyqjcgew85f,28f6db963ab57599ad797c0b09144598714adfd3fb6039e252b7ca2d50ef9637,55,0x57fb68d83ffed8ec2b45d7773bb36891cfbb3a4f43833b5da9de0d83c3bc93ea,0x29f658d038412b86fe9b005f4753da22bb3471cb5c902265b7fffae36bd3b01d,0x1,unknown
bc1q86ltpgv08srm28gd04zy2yt2rdkgyqjcgew85f,28f6db963ab57599ad797c0b09144598714adfd3fb6039e252b7ca2d50ef9637,56,0x7b581f357148ab7950c4359776d37c27d85dfee4ab1c02c89852ab57de8fb55c,0x49796744a57dcd82ae587268047303d4a59e57dadd285fbe3791d07d86921349,0x1,unknown
bc1q86ltpgv08srm28gd04zy2yt2rdkgyqjcgew85f,28f6db963ab57599ad797c0b09144598714adfd3fb6039e252b7ca2d50ef9637,57,0x67322cd821586db2e13bf7c4dd1204058e3d9dc058cfd09d565c47fd0f149ec2,0x778a7ee7ec0c5d3aea9b4012f9dbc70600253384adeae7e1b7a61a8237ca3845,0x1,unknown
bc1q86ltpgv08srm28gd04zy2yt2rdkgyqjcgew85f,28f6db963ab57599ad797c0b09144598714adfd3fb6039e252b7ca2d50ef9637,58,0xd209d1543f362f267fd9497d74738be0be57939370b836e4bb3d33e640f8cde,0x220dd1ec8657c1554c3d45327493e01fa80b90e77198b25b0f699afc9b890c58,0x1,unknown
bc1q86ltpgv08srm28gd04zy2yt2rdkgyqjcgew85f,28f6db963ab57599ad797c0b09144598714adfd3fb6039e252b7ca2d50ef9637,59,0x2a81deb2ab4f437642c9894e5d37da86e95c7ae2d2cb8ae09b403c20c033192f,0x75779ac13727b9ff81e63a9e54be33736a48938c42009de3c826757dc30bd77,0x1,unknown
bc1q86ltpgv08srm28gd04zy2yt2rdkgyqjcgew85f,28f6db963ab57599ad797c0b09144598714adfd3fb6039e252b7ca2d50ef9637,60,0x560d888989df69bdae880e1df21f8bd584bf69346f8c54e4b0b138762cc27b77,0x73a1399eba16799548afebf8284376fbb48a6df47f023d2102cc674820be3959,0x1,unknown
bc1q86ltpgv08srm28gd04zy2yt2rdkgyqjcgew85f,28f6db963ab57599ad797c0b09144598714adfd3fb6039e252b7ca2d50ef9637,61,0x72fc148f69bfdd2ab1333d3fd3a34ab93a196a0ccb767fe83c1638f540183d1d,0x7daddac06b6856040aadd6fd9b5209597c5b3abe0bc3e5c783333f08b3b1dcf2,0x1,unknown
bc1q86ltpgv08srm28gd04zy2yt2rdkgyqjcgew85f,28f6db963ab57599ad797c0b09144598714adfd3fb6039e252b7ca2d50ef9637,62,0x105c151e3eedf2a7172d567d0c8adeb847b73fb0a4eba323c5dd89853077b4c8,0x6c6eb2114282f7bc3f4eeef9217e82eb31de8c4df142a14f31f72e81c46844fd,0x1,unknown
bc1q86ltpgv08srm28gd04zy2yt2rdkgyqjcgew85f,28f6db963ab57599ad797c0b09144598714adfd3fb6039e252b7ca2d50ef9637,63,0x74cb6c4937e257a15bbf1ee011e4a9ffab185990e3731906ff77f77cb3b81ded,0x7c082ecc2960a9357d211b3ee738a8ef536ee62b622a1c4859053342f7e61a82,0x1,unknown
bc1q86ltpgv08srm28gd04zy2yt2rdkgyqjcgew85f,28f6db963ab57599ad797c0b09144598714adfd3fb6039e252b7ca2d50ef9637,64,0x2dc2eab0ad5520bf55d08a312faf38aa5fe7fbaa636749829436fa6df4efbcbd,0x1512da4dc5624ed438f4b4677761f964bc95836f8fb39f56233ea48cc471ecc2,0x1,unknown
bc1q86ltpgv08srm28gd04zy2yt2rdkgyqjcgew85f,28f6db963ab57599ad797c0b09144598714adfd3fb6039e252b7ca2d50ef9637,65,0x77dcacf7deb784247ede8f1cb535683163a57d095997f39f07cc420e2cdf36ba,0x5df05bbb7865e446f908c67455fec2077dc09ee91b56c340203c3a63d19976d6,0x1,unknown
bc1q86ltpgv08srm28gd04zy2yt2rdkgyqjcgew85f,28f6db963ab57599ad797c0b09144598714adfd3fb6039e252b7ca2d50ef9637,66,0x1d8f88810b86eb550ce5c53571afb2bd6db0422b46dfa0d586455a4c55d7d45e,0x6cf2924ab3c2467e33c03a976b0e9fe850fe32cc898cd40582aaa2fb7787f957,0x1,unknown
bc1q86ltpgv08srm28gd04zy2yt2rdkgyqjcgew85f,28f6db963ab57599ad797c0b09144598714adfd3fb6039e252b7ca2d50ef9637,67,0x27fddaef4ac4e410982d68f12fd16ac390bca3e075bea78582b89beaf567be1d,0x257ef5f68da626350ec23b80021058fb96f4edcd755eac29ed584f7e48b33842,0x1,unknown
bc1q86ltpgv08srm28gd04zy2yt2rdkgyqjcgew85f,28f6db963ab57599ad797c0b09144598714adfd3fb6039e252b7ca2d50ef9637,68,0x650c1ce1e8e266f6ce71ee9124f301bd24d04969b0ff3ea0335fed074a61abbb,0x40546028b3f44782a551d29bfc6325b73aedc8fe90e2272f2584214873a6b46d,0x1,unknown
bc1q86ltpgv08srm28gd04zy2yt2rdkgyqjcgew85f,28f6db963ab57599ad797c0b09144598714adfd3fb6039e252b7ca2d50ef9637,69,0x6e1d3e1b50e59bb50b56c6b0536d945047c6845b57c6dccf7c520a024da1b53e,0x3a161b4569c0ee7fccc62d35500ec9d8bee83df3e488d52199592c1d9e8bab24,0x1,unknown
bc1q86ltpgv08srm28gd04zy2yt2rdkgyqjcgew85f,28f6db963ab57599ad797c0b09144598714adfd3fb6039e252b7ca2d50ef9637,70,0x5c5938b07cf92e2dbbae3c4c5330e96206809105a404b517b04a55153bddc45e,0x7f5ea18cf0a8223ba97c09997c093b5a2dd02649ee2bb5252e4bc9c4413d1f24,0x1,unknown
bc1q86ltpgv08srm28gd04zy2yt2rdkgyqjcgew85f,28f6db963ab57599ad797c0b09144598714adfd3fb6039e252b7ca2d50ef9637,71,0x53c2e432aff5534fab6954b5f4d544d2e4310a0b279a92d6115efac73f5da757,0x452f41fdb3e572f2da336679e7675d6d925f7470fc55bc32538dc0ef3b128195,0x1,unknown
bc1q86ltpgv08srm28gd04zy2yt2rdkgyqjcgew85f,28f6db963ab57599ad797c0b09144598714adfd3fb6039e252b7ca2d50ef9637,72,0x5ef22e352045b4142eef7977bf45a4f0501eb309ac2fb05128f837dfd4b954aa,0x328b45f13239dccdf71bf7dbe482c3801bd121dbb73f8473d8352bd07a73b567,0x1,unknown
bc1q86ltpgv08srm28gd04zy2yt2rdkgyqjcgew85f,28f6db963ab57599ad797c0b09144598714adfd3fb6039e252b7ca2d50ef9637,73,0x405030521ee329df69176c08f764d2c06367e017d6cd201c98eb432d623d4c3e,0x6888ded08934fae695f02e3d45dbc8b26665b14af63ea47bc8832fdc20174737,0x1,unknown
bc1q86ltpgv08srm28gd04zy2yt2rdkgyqjcgew85f,28f6db963ab57599ad797c0b09144598714adfd3fb6039e252b7ca2d50ef9637,74,0x731d49c5b34efced8f4438558373baec545dc790dcbbfac753b879c141272a05,0x64508ebcacf954a1a84d9bb8209e4ec2c23b0542eab5de7b28c367a4b419df0f,0x1,unknown
bc1q86ltpgv08srm28gd04zy2yt2rdkgyqjcgew85f,28f6db963ab57599ad797c0b09144598714adfd3fb6039e252b7ca2d50ef9637,75,0x180c37f879b62efcd5aa2ae164864723b09a52db1022a9b97bd5e033efa1d913,0x3ecf1f666a68d8a848fba726083e2c1dffaa38c0642be19f6f27c66cad724ce9,0x1,unknown
bc1q86ltpgv08srm28gd04zy2yt2rdkgyqjcgew85f,28f6db963ab57599ad797c0b09144598714adfd3fb6039e252b7ca2d50ef9637,76,0x1e2e555171a754aec9eb4d93d0a48b05d3190a0a2ad21302531d73533339170b,0x24e151f25c10ae658bab6eba561bf0c718648e4c780f46510f9d073312786b25,0x1,unknown
bc1q86ltpgv08srm28gd04zy2yt2rdkgyqjcgew85f,28f6db963ab57599ad797c0b09144598714adfd3fb6039e252b7ca2d50ef9637,77,0x682d6bbdfb7ca2064097c50d834706fbbe68ac9523bfa57f2d8c8823f4c9778,0x13b25154f101e3a4f86502ed79e12ff4aef64ab4fda2d170bb5988d743807719,0x1,unknown
bc1q86ltpgv08srm28gd04zy2yt2rdkgyqjcgew85f,28f6db963ab57599ad797c0b09144598714adfd3fb6039e252b7ca2d50ef9637,78,0x65092bbf8723af7f12b1953c83a3fd35ed13e46b34fcb6e85e1306379ffdeeb8,0x571707ae363a4eaef3f5296f04285677bba9f48abeb6d67de21fefc979548fa2,0x1,unknown
bc1q86ltpgv08srm28gd04zy2yt2rdkgyqjcgew85f,28f6db963ab57599ad797c0b09144598714adfd3fb6039e252b7ca2d50ef9637,79,0x5ee97b214d427bdac3494bd8c1705cf7c45009af291872f340e18341bd2712ec,0x75eef03c5aca9cff8ae7089569d1f510f2037cb2da438cbe51ad6d728635a525,0x1,unknown
bc1q86ltpgv08srm28gd04zy2yt2rdkgyqjcgew85f,28f6db963ab57599ad797c0b09144598714adfd3fb6039e252b7ca2d50ef9637,80,0x284417235edea8bdc18a5e57e7ff3ae1e7cb248d47cbcf3c2bc2da25c05b2c24,0x1389a0f39a00468d3bd271768850f35387cb973a900c94fe61921dc73948b7bb,0x1,unknown
bc1q86ltpgv08srm28gd04zy2yt2rdkgyqjcgew85f,28f6db963ab57599ad797c0b09144598714adfd3fb6039e252b7ca2d50ef9637,81,0x76e32828d902910daa3ef236e824b19131da8f5bcb1ff81cdf5e9dcdec4cb94b,0x11ec3f4220e1d28e3c0d8874f17572a318ff5cd0511341621689c6ab155cbebb,0x1,unknown
bc1q86ltpgv08srm28gd04zy2yt2rdkgyqjcgew85f,28f6db963ab57599ad797c0b09144598714adfd3fb6039e252b7ca2d50ef9637,82,0x5c0560531944ccf0ba0d2a65e54d9255197ab7c13c87bebcc6e5d54f10544a60,0x3fc631fda87af7ef1e0d4e5b49946cd3ef1d0e9ac953fe9a779f1d3dc78ddddd,0x1,unknown
bc1q86ltpgv08srm28gd04zy2yt2rdkgyqjcgew85f,28f6db963ab57599ad797c0b09144598714adfd3fb6039e252b7ca2d50ef9637,83,0x7c57797cd0dcfdb5268c61fe8692c47a33b2e7be67413848deb8105c710f435b,0x4ef7efe6383d38d8365f404602e9d9213e5e753c83472c4724fd4d507dc40a83,0x1,unknown
bc1q86ltpgv08srm28gd04zy2yt2rdkgyqjcgew85f,28f6db963ab57599ad797c0b09144598714adfd3fb6039e252b7ca2d50ef9637,84,0x2274f1317aff518cc037cc4a02f2479c14d9c79b73f5da1ee14cc3ee82635317,0x5e6e56cf393e0ea07af4f01a9348657ff8325c88055c94e27ae743e651b1d7f8,0x1,unknown
bc1q86ltpgv08srm28gd04zy2yt2rdkgyqjcgew85f,28f6db963ab57599ad797c0b09144598714adfd3fb6039e252b7ca2d50ef9637,85,0x2161266019740af0a839a6498d1f552d06affa535bfe554174244deebcba261a,0xe9d3106e1ac0237f2c5b7e1915b90e004aef2b737f5f32d0bb5ee673d1d20ea,0x1,unknown
bc1q86ltpgv08srm28gd04zy2yt2rdkgyqjcgew85f,28f6db963ab57599ad797c0b09144598714adfd3fb6039e252b7ca2d50ef9637,86,0x37c2a5454ccb042002764d76fbd1a71a2f4238920e1effaa2a05377fa6bbc86d,0x73c1a098f6aa0abddf4759a18ee56ca1e5cd60a1204c5388f873e9db2f4bbcdc,0x1,unknown
bc1q86ltpgv08srm28gd04zy2yt2rdkgyqjcgew85f,28f6db963ab57599ad797c0b09144598714adfd3fb6039e252b7ca2d50ef9637,87,0x184d05134bd26c295bf359fe082f15199e00a72d63281d95e015197d4195cfca,0x1b6244e18fae087afd944a46318e1ba6cabc15e72b77bdcb84e2b6975aebf5f2,0x1,unknown
bc1q86ltpgv08srm28gd04zy2yt2rdkgyqjcgew85f,28f6db963ab57599ad797c0b09144598714adfd3fb6039e252b7ca2d50ef9637,88,0x605bed24a7d3e8b629d7d0627a2354f0afc4a1321468119bafb31d920b04f456,0x28c0ba494fcecb70174c8d619fc868884a90b062d4928e049768a751f0babbab,0x1,unknown
bc1q86ltpgv08srm28gd04zy2yt2rdkgyqjcgew85f,28f6db963ab57599ad797c0b09144598714adfd3fb6039e252b7ca2d50ef9637,89,0x6522d04bb2d480bdb9903a8060317623130fa8f186c341371b5ebec322316c41,0x2f7886e7279053fa1378838e12e474679a4a198d4a022cc44db8296b7673867a,0x1,unknown
bc1q86ltpgv08srm28gd04zy2yt2rdkgyqjcgew85f,28f6db963ab57599ad797c0b09144598714adfd3fb6039e252b7ca2d50ef9637,90,0x1e88560b70afe91ee858aa8fb8a5633c4d57a64866770817088f90190a6e36d8,0x460ac4503d4b5d9f1153114cc0c1f7bd209e897dc9f0debb926bf9781de94538,0x1,unknown
bc1q86ltpgv08srm28gd04zy2yt2rdkgyqjcgew85f,28f6db963ab57599ad797c0b09144598714adfd3fb6039e252b7ca2d50ef9637,91,0x53562d5c2f1706fe6b34b0b1d9de9d3006daf541ddbf1d421885da90d5063584,0x497256bb00fbd6e2540974ba0cd3433ac947f36467b3de4719122091d813630c,0x1,unknown
bc1q86ltpgv08srm28gd04zy2yt2rdkgyqjcgew85f,28f6db963ab57599ad797c0b09144598714adfd3fb6039e252b7ca2d50ef9637,92,0xa5539665308ea91f73baa92c23f45aed3554cb5735f1c6219dc814c2085b007,0x2698c6641a90f4fddac1a44e04b5df73ddf64bc2f63de487a7300d80b6f92e16,0x1,unknown
bc1q86ltpgv08srm28gd04zy2yt2rdkgyqjcgew85f,28f6db963ab57599ad797c0b09144598714adfd3fb6039e252b7ca2d50ef9637,93,0x219135f95d63a7f062052bbed11760b7eac683b3a2b7cad5217796107ee40dc0,0x7c3e5afa8c8d0853c3e8640bbf7e68c946f26b497e63b25bff81d44b53bb9c9,0x1,unknown
bc1q86ltpgv08srm28gd04zy2yt2rdkgyqjcgew85f,28f6db963ab57599ad797c0b09144598714adfd3fb6039e252b7ca2d50ef9637,94,0x6de869a30f8291a3707a1f30ee8c950e44129170510a19176d683a3ea407148,0x6926b00db67fcf051e8f14efd517172199dc2deefed7db2cbb45a1c148a5d4b6,0x1,unknown
bc1q86ltpgv08srm28gd04zy2yt2rdkgyqjcgew85f,28f6db963ab57599ad797c0b09144598714adfd3fb6039e252b7ca2d50ef9637,95,0x1513184ecf59ab375477fcf177e5ffdcde28cced1b14b41c9abb1b825c28985d,0x4e9f60fbef02cb7cf1bd5fdfc79bb9b617cf8109239c385cd78c31843832bec4,0x1,unknown
bc1q86ltpgv08srm28gd04zy2yt2rdkgyqjcgew85f,28f6db963ab57599ad797c0b09144598714adfd3fb6039e252b7ca2d50ef9637,96,0x67bb834b532e99d7672c180fcb4edd66f427c4826c7136cd0adc9c7102d3e7ff,0x3f3edef4bf4bdf6b5e8a6c3ac80ccd96d1937fd816ce86ce50ea35dad61313cf,0x1,unknown
bc1q86ltpgv08srm28gd04zy2yt2rdkgyqjcgew85f,28f6db963ab57599ad797c0b09144598714adfd3fb6039e252b7ca2d50ef9637,97,0x1fb424fb484dfc60ab9c4b7134935a7341d5e700fc149669433cd99ed7b5f146,0x391c1cef2011b23b06733978b2fbd29f5b099f945088274a900ab96711ee7aee,0x1,unknown
bc1q86ltpgv08srm28gd04zy2yt2rdkgyqjcgew85f,28f6db963ab57599ad797c0b09144598714adfd3fb6039e252b7ca2d50ef9637,98,0x54726934aca8e9846d3ce2a0ad41bce7c531e0cee12c073bbdac8c3ea5cf1564,0x2c7c0325b225c5897568ec215dc7cd66c86f14aedb99d80deae235fa99be649b,0x1,unknown
bc1q86ltpgv08srm28gd04zy2yt2rdkgyqjcgew85f,28f6db963ab57599ad797c0b09144598714adfd3fb6039e252b7ca2d50ef9637,99,0x3febce4a717b99ad6e1142c892927b94202605b2d75e36fcef1297411b766af9,0x6294a4db079fcc2739c0e32b350e0a089faee409c85f50ea504f4f4930efd91e,0x1,unknown
bc1q86ltpgv08srm28gd04zy2yt2rdkgyqjcgew85f,28f6db963ab57599ad797c0b09144598714adfd3fb6039e252b7ca2d50ef9637,100,0x3d55723c42a7ec5431f76f956b09d593976c178d7315e0dcc8196abd2e99ae51,0x6f1cb3274efeec50c8d38220b3e06b16d317600763ae7d218d5eabe9fcef3798,0x1,unknown
bc1q86ltpgv08srm28gd04zy2yt2rdkgyqjcgew85f,28f6db963ab57599ad797c0b09144598714adfd3fb6039e252b7ca2d50ef9637,101,0xb204432f97d64ca0a605c625e0decf60920d6792fd0ed7c42eb95cb07f4bd9a,0x283664de25d76c326947060cce20b4f8fdcbc561ca21f21bf0b9ddeab153fceb,0x1,unknown
bc1q86ltpgv08srm28gd04zy2yt2rdkgyqjcgew85f,28f6db963ab57599ad797c0b09144598714adfd3fb6039e252b7ca2d50ef9637,102,0x5824f2381c7b27d69c47097c8d97bbe25a2703c6a1a4e146d4cc6c50a2a82ba5,0x773d0fd6312013083f8bbf0491db01937e42eebd51084a83b37c67f355def811,0x1,unknown
bc1q86ltpgv08srm28gd04zy2yt2rdkgyqjcgew85f,28f6db963ab57599ad797c0b09144598714adfd3fb6039e252b7ca2d50ef9637,103,0x54ac333fefffb3c57a3a58ae6746003936608ff5e53cd17a9049c9261ae47b92,0x47f0296deba4d4cd3bf519271002ec8850a2bac4d8bce13dadcf98a741e9b74,0x1,unknown
bc1q86ltpgv08srm28gd04zy2yt2rdkgyqjcgew85f,28f6db963ab57599ad797c0b09144598714adfd3fb6039e252b7ca2d50ef9637,104,0x2cc07240b6cf03dc527054cd281573a1ee20d483e3b9b005a356727cf2d27c34,0x31bd886b5cd707669e70833fc2092ad0f2795a6744aa42096dba5557292b4e62,0x1,unknown
bc1q86ltpgv08srm28gd04zy2yt2rdkgyqjcgew85f,28f6db963ab57599ad797c0b09144598714adfd3fb6039e252b7ca2d50ef9637,105,0x22ad2102b56247cecb786ed2b5c003b226ca9a304f539e581578f891a95e3a70,0x651a7ec864102118c335427ec7ba45dfb376974e5ad4e1a6e39ca8b70f8cee21,0x1,unknown
bc1q86ltpgv08srm28gd04zy2yt2rdkgyqjcgew85f,28f6db963ab57599ad797c0b09144598714adfd3fb6039e252b7ca2d50ef9637,106,0x1c4895871c56819cd10415e00a17465af39b1542a6036843140101391dadee02,0x46c95355736c30be8e9d8a3284ebaf02e4af7846d7437eff5009b514166d11d8,0x1,unknown
bc1q86ltpgv08srm28gd04zy2yt2rdkgyqjcgew85f,28f6db963ab57599ad797c0b09144598714adfd3fb6039e252b7ca2d50ef9637,107,0x5fe02ffe733e861815ad691bbb3ccb8ba2cda052b73d8e220624796ae78e464d,0x58e26d6bdff3ecdeebf7de3352cb8a7006ab413acb912b024c01e33fa3d2f146,0x1,unknown
bc1q86ltpgv08srm28gd04zy2yt2rdkgyqjcgew85f,28f6db963ab57599ad797c0b09144598714adfd3fb6039e252b7ca2d50ef9637,108,0x26ad7497dc45f0d4a1103c162651ffe94d88144a31e8857171f8560b500f73bb,0x301e9480e75a0edb57cc355d2a104a602ada3de160ef697488b04aeb328493a7,0x1,unknown
bc1q86ltpgv08srm28gd04zy2yt2rdkgyqjcgew85f,28f6db963ab57599ad797c0b09144598714adfd3fb6039e252b7ca2d50ef9637,109,0x1512a0f2b256cc560bf931f559525e916cdc364f90aead3a1f8a257022ebe9f0,0x140b3e1893315ba38482bff7a1c78b963d4894f0d50683703a6b55bfc1abb9e2,0x1,unknown
bc1q86ltpgv08srm28gd04zy2yt2rdkgyqjcgew85f,28f6db963ab57599ad797c0b09144598714adfd3fb6039e252b7ca2d50ef9637,110,0x48bacc60e1d4e11bd32b6c91b472071f9d195fc1652c4b429b1c9c6bbfb0a84b,0x14e16d7ad1bf24131cf9bc1cdeb61b28353c56b67eca4fb588610962d7d3e02f,0x1,unknown
bc1q86ltpgv08srm28gd04zy2yt2rdkgyqjcgew85f,28f6db963ab57599ad797c0b09144598714adfd3fb6039e252b7ca2d50ef9637,111,0x78bba176c196c027a11ae5ae7fcc352b9df94945a2e6fc1dc4f3a35d0a8757b4,0x16e70143d32552db981e47e628b2fb5d6b76b4d288e11ab46c6f5ba4a471e319,0x1,unknown
bc1q86ltpgv08srm28gd04zy2yt2rdkgyqjcgew85f,28f6db963ab57599ad797c0b09144598714adfd3fb6039e252b7ca2d50ef9637,112,0x39ab33d93df29c27a08400cbd0548f39f9b0c69920db3c6e85a49fee5e41b431,0x2067d5600665d93d688608cc2b093f60386007b6d287d24470d34dd5f3868d9f,0x1,unknown
bc1q86ltpgv08srm28gd04zy2yt2rdkgyqjcgew85f,28f6db963ab57599ad797c0b09144598714adfd3fb6039e252b7ca2d50ef9637,113,0x2efb3a503357faa970d7d32b1c1dc80c335a59f2c622d8699f6ec41db75b187b,0x412de6062a31bb7c1ae49c881396ea7794e2b65842310eb4336358937197bab5,0x1,unknown
bc1q86ltpgv08srm28gd04zy2yt2rdkgyqjcgew85f,28f6db963ab57599ad797c0b09144598714adfd3fb6039e252b7ca2d50ef9637,114,0x46eaf5dd89a2ac24c77421d72383da08ea073d5a75b9d9a652885370c5f2de93,0x16d0d5eca24d56d8107fb63d24ce752a264a4fc4184f6e6f9e04af969e0bf53d,0x1,unknown
bc1q86ltpgv08srm28gd04zy2yt2rdkgyqjcgew85f,28f6db963ab57599ad797c0b09144598714adfd3fb6039e252b7ca2d50ef9637,115,0x3fea76510edd20f9873ef092838a25c58365fbe274a58c3cef5eaa59f02c7eae,0x24720168e74dd13049baa344a27474d294d2a6aa59052a6484a54d00ce24a30a,0x1,unknown
bc1q86ltpgv08srm28gd04zy2yt2rdkgyqjcgew85f,28f6db963ab57599ad797c0b09144598714adfd3fb6039e252b7ca2d50ef9637,116,0x3f44ce7e33c06a131424aba3dbde22a6e8ef4160ecdd12129c9c426e858905df,0x72112f31217fb0924df12c87e7d3dc4e6bbf3d5d21887b90395915225688c2f9,0x1,unknown
bc1q86ltpgv08srm28gd04zy2yt2rdkgyqjcgew85f,28f6db963ab57599ad797c0b09144598714adfd3fb6039e252b7ca2d50ef9637,117,0x43b885723ca9f0de4b6c4708a6eb496c5c797e368068c879a67ab8d18c298305,0x316c2b7bbc77575716ddd3ad503ef19c7a094d57909bf1319dcf079aa5dac99b,0x1,unknown
bc1q86ltpgv08srm28gd04zy2yt2rdkgyqjcgew85f,28f6db963ab57599ad797c0b09144598714adfd3fb6039e252b7ca2d50ef9637,118,0x48ec5244a38aa36ae9875c4d2d3741b465b7f69094097ac6cba0a6e9c8e3bfa6,0x245a06852c4a33a994834cafe289aa16780352f48882ba4cf97ff15c44c04cb3,0x1,unknown
bc1q86ltpgv08srm28gd04zy2yt2rdkgyqjcgew85f,28f6db963ab57599ad797c0b09144598714adfd3fb6039e252b7ca2d50ef9637,119,0x18981b04cd269016bbbd80ada70eb1acb6fba05710d8ae311a9679af0b41240,0xff2717e55fa6e648363e71e263f1ca6b1d0f4a7e78b543199654709cbaef21d,0x1,unknown
bc1q86ltpgv08srm28gd04zy2yt2rdkgyqjcgew85f,28f6db963ab57599ad797c0b09144598714adfd3fb6039e252b7ca2d50ef9637,120,0x4988766c0dda94776136cb9a9c3b3170188037f5e2b14b15d9116974e9f0145b,0x230718bd08fd66d6f2933948d9d6390f591377a1e022051908b987363839481a,0x1,unknown
bc1q86ltpgv08srm28gd04zy2yt2rdkgyqjcgew85f,28f6db963ab57599ad797c0b09144598714adfd3fb6039e252b7ca2d50ef9637,121,0x13ffe1e98c64b945e43039cbff389c847a32b5e05e53b35975be9a39eed30fe9,0x4fbfe92a784d282465e5e32ad6044e4297da650abc3a879990ca873e41c39729,0x1,unknown
bc1q86ltpgv08srm28gd04zy2yt2rdkgyqjcgew85f,28f6db963ab57599ad797c0b09144598714adfd3fb6039e252b7ca2d50ef9637,122,0xd9b65046c03f2e127d71f7abcf3c4d80c0a22a472d2656a9af13da182c01da3,0x3bf97cb1c02e940e796f73713791a146b13d804906e001a6a883b16a300b194a,0x1,unknown
bc1q86ltpgv08srm28gd04zy2yt2rdkgyqjcgew85f,28f6db963ab57599ad797c0b09144598714adfd3fb6039e252b7ca2d50ef9637,123,0x5aa8fd4591db516b4837a1c353f4c333cef52e081fa743f3fa5cb73deb7cfc58,0x46813761570654f57cc1a95317bf28840ce33cd7634b003c5df1c019b41f2de0,0x1,unknown
bc1q86ltpgv08srm28gd04zy2yt2rdkgyqjcgew85f,28f6db963ab57599ad797c0b09144598714adfd3fb6039e252b7ca2d50ef9637,124,0x1aeea986963c8b9e6d1d7c8ae34d27b66cb2b95953e0d9b4aaba2ec65c2c2331,0x61851fac77f6279b1b61c7bb927cb9514ea1922a6283d42cf5c66378b321f46a,0x1,unknown
bc1q86ltpgv08srm28gd04zy2yt2rdkgyqjcgew85f,28f6db963ab57599ad797c0b09144598714adfd3fb6039e252b7ca2d50ef9637,125,0x48d0409e990fcf48f3655ae431f33fdc6cce6c31bdea75ecabb44887821ec860,0x5cee643bdb074358f5f8d0d3ad9d831832aaf6575f28163cb61179c766741a1c,0x1,unknown
bc1q86ltpgv08srm28gd04zy2yt2rdkgyqjcgew85f,28f6db963ab57599ad797c0b09144598714adfd3fb6039e252b7ca2d50ef9637,126,0x1cc348f9d7fbc1e18a16ed5c5e60e90f2134bae8d2a7a653499b159e42139206,0x7783b6d62be2f5df549debbd367cdc4ccd34d970dcbee08c388a0a945ffb209b,0x1,unknown
bc1q86ltpgv08srm28gd04zy2yt2rdkgyqjcgew85f,28f6db963ab57599ad797c0b09144598714adfd3fb6039e252b7ca2d50ef9637,127,0xd7c7ed4270dbaf65d8a354417cf2ec30a29dfd4b528797869a0f1afe0b6d090,0x5976530d89ee161b1d23e4baa205f6c3717153b70d44ab7dbb50d2ad1fe0f79d,0x1,unknown
bc1q86ltpgv08srm28gd04zy2yt2rdkgyqjcgew85f,28f6db963ab57599ad797c0b09144598714adfd3fb6039e252b7ca2d50ef9637,128,0x16ad4b896a138bcfb287482efc6ba1d1efc70460067601aa5aaf4196a18f45a9,0x7c3d1f2b68bd574cebf2202725d5a588686e6afb7bb3eaf92ba163986c8e86d6,0x1,unknown
bc1q86ltpgv08srm28gd04zy2yt2rdkgyqjcgew85f,28f6db963ab57599ad797c0b09144598714adfd3fb6039e252b7ca2d50ef9637,129,0x4479aff67bb72ea039a6eea695db27b4296232cc9dc56cd3db5d6f3cade6d73b,0x2c9e92693e740980d3a137c6d95002c7cf6aeb68c0dd65748742d0d5ce3a81f3,0x1,unknown
bc1q86ltpgv08srm28gd04zy2yt2rdkgyqjcgew85f,28f6db963ab57599ad797c0b09144598714adfd3fb6039e252b7ca2d50ef9637,130,0x4f680bda09108aba46ed39904fccefebc14eb15b0ac8386c55b4807812bbd44c,0x1b735eb1cb935497f1622e492009442f706b91c763ac3ec08c43ce6b83faeb9c,0x1,unknown
bc1q86ltpgv08srm28gd04zy2yt2rdkgyqjcgew85f,28f6db963ab57599ad797c0b09144598714adfd3fb6039e252b7ca2d50ef9637,131,0x28dca0019b8983fdc270fb9388ec38895b1b91a9df902ac91abb2696ba6905db,0x1c8e8b6d366bb4323139b5970a3e5d7077aa4c1104c326528af7e41c57c2f68c,0x1,unknown
bc1q86ltpgv08srm28gd04zy2yt2rdkgyqjcgew85f,28f6db963ab57599ad797c0b09144598714adfd3fb6039e252b7ca2d50ef9637,132,0x6230db89ad89e687fedee011ca4ff0ec7a8858cec4213fd1e7a8c1ce25f3be14,0x4e4c05c5b299a45ff38340cd98e9a0e70d066f029890a92f04f15c8db87ab5e1,0x1,unknown
bc1q86ltpgv08srm28gd04zy2yt2rdkgyqjcgew85f,28f6db963ab57599ad797c0b09144598714adfd3fb6039e252b7ca2d50ef9637,133,0x2c7571cf90c4249397eefe02b2b7943dbf080dbb70c2e53ed79c8b47b1cdba41,0x568c039d8d3c70cad69c9f71bf968c3064533a887993676ddb6ac1c0d550ced1,0x1,unknown
bc1q86ltpgv08srm28gd04zy2yt2rdkgyqjcgew85f,28f6db963ab57599ad797c0b09144598714adfd3fb6039e252b7ca2d50ef9637,134,0x6758aa9d83e9b1c1eb8b32699c92b71b0e1252e400e9afdfd559ee9957a96902,0xf6c8f1d262da2199fbebcc17040183717711eed0dbc9eb4bc1791b094a4ae80,0x1,unknown
bc1q86ltpgv08srm28gd04zy2yt2rdkgyqjcgew85f,28f6db963ab57599ad797c0b09144598714adfd3fb6039e252b7ca2d50ef9637,135,0xe2937ad567e824fb89e7a4e36e62f3d2ca4e207730da086df2e088610a647b4,0x240f16074ca8d23bab58b601af7781912d1f79ccb6db5befeea04f6c4e94a27,0x1,unknown
bc1q86ltpgv08srm28gd04zy2yt2rdkgyqjcgew85f,28f6db963ab57599ad797c0b09144598714adfd3fb6039e252b7ca2d50ef9637,136,0x74682c7289976ab3c4d205c8aa7e5eca91591901bb9d0f2e9723d85ea5412b51,0x636e1d8fe3e28594fa829efb91662a4e1905550fad5cb84bb6176d994892a894,0x1,unknown
bc1q86ltpgv08srm28gd04zy2yt2rdkgyqjcgew85f,28f6db963ab57599ad797c0b09144598714adfd3fb6039e252b7ca2d50ef9637,137,0x7b6c774fed75c1c14387e9f26cafc73200331b0442b4ad2b5be7c5d620f79bdb,0x54cdf6b9d11a2297de64da6f1921230b18f9dfddf93ce3af4d1fda5dec7ed967,0x1,unknown
bc1q86ltpgv08srm28gd04zy2yt2rdkgyqjcgew85f,28f6db963ab57599ad797c0b09144598714adfd3fb6039e252b7ca2d50ef9637,138,0x609da554f6fc2fd1843e9f641bd377fea33dada8c8722431e8f611306f2efcd5,0x26adbeccecd63b8f7dd95e47a64cd9400ec277f2d4f5e2959e23d80d13e2c402,0x1,unknown
bc1q86ltpgv08srm28gd04zy2yt2rdkgyqjcgew85f,28f6db963ab57599ad797c0b09144598714adfd3fb6039e252b7ca2d50ef9637,139,0x1ea080a1d4934f0a535c085037503ce02ac252d21efffb760e23af29e34de576,0x336cc63ac165effda3800c1549911d37dac5f56ad7585d0f95742e1f974d6fd4,0x1,unknown
bc1q86ltpgv08srm28gd04zy2yt2rdkgyqjcgew85f,28f6db963ab57599ad797c0b09144598714adfd3fb6039e252b7ca2d50ef9637,140,0x18503b1d70e0dd32b7b789fa8a8614585d41375e7a484f1337d1bff70865587d,0x6780094eddcb8dd0af10527b7da802ae402fc7b2de29ae23a971158f72cfa691,0x1,unknown
bc1q86ltpgv08srm28gd04zy2yt2rdkgyqjcgew85f,28f6db963ab57599ad797c0b09144598714adfd3fb6039e252b7ca2d50ef9637,141,0x7976248dd32a1f2ed91e0bdb74c7a0f022786606c44463bf5db035c7302fbf2d,0x4c29bc9c52de6cbdf0fbc4af4ff0bd3b79bbc08178b47854264f5002e0bfe7fc,0x1,unknown
bc1q86ltpgv08srm28gd04zy2yt2rdkgyqjcgew85f,28f6db963ab57599ad797c0b09144598714adfd3fb6039e252b7ca2d50ef9637,142,0x21e11859121e9a6e77ba1e8b6e424c440b5476df24414310b098d04c2b8ab7c5,0x5b602bfe92678fb34c96fad19c4dcc36b5fb45280e0f47e62fe39c85f1d305cf,0x1,unknown
bc1q86ltpgv08srm28gd04zy2yt2rdkgyqjcgew85f,28f6db963ab57599ad797c0b09144598714adfd3fb6039e252b7ca2d50ef9637,143,0x41472883c68ce1471ec2c38932a0b0e786c30972587c3c7ed07fb9e0595fa781,0x4b4c525704fd8c5750d6a8dc92230662e0eae143cf6baba205a6a856d5510e43,0x1,unknown
bc1q86ltpgv08srm28gd04zy2yt2rdkgyqjcgew85f,28f6db963ab57599ad797c0b09144598714adfd3fb6039e252b7ca2d50ef9637,144,0x6898da57a6c34cd4b404be5642c0b93611cfb2fef8a1211fa5bcbfe55546f8b1,0x14ff2afcafbe46f0e195cce285963907294a4ed851b668b9d655b840556a39ef,0x1,unknown
bc1q86ltpgv08srm28gd04zy2yt2rdkgyqjcgew85f,28f6db963ab57599ad797c0b09144598714adfd3fb6039e252b7ca2d50ef9637,145,0xc70b81280d57117365dace5c8f44b0ec6005806149f7fd133541d2523f90d8a,0x6d0863679b30e485800a2fdbdae929ebb946660c672dcd75a270147789827625,0x1,unknown
bc1q86ltpgv08srm28gd04zy2yt2rdkgyqjcgew85f,28f6db963ab57599ad797c0b09144598714adfd3fb6039e252b7ca2d50ef9637,146,0x3c8e9257259adc1b8c211ff4e2f012aa99d19940c87680a8e9c7488e49771452,0x42d05386915edc008e40653eb6dc55a3745e58456d2ed673e5fdff69fd386fa5,0x1,unknown
bc1q86ltpgv08srm28gd04zy2yt2rdkgyqjcgew85f,28f6db963ab57599ad797c0b09144598714adfd3fb6039e252b7ca2d50ef9637,147,0x36ca825f98976f3c36776c6c64779954ee56327d618b190fdfff07d9d2d38fba,0x351e6dbe42bb269011e8cbcc17b607eb48b26ba1628412e0c0b562fc00c4d98b,0x1,unknown
bc1q86ltpgv08srm28gd04zy2yt2rdkgyqjcgew85f,28f6db963ab57599ad797c0b09144598714adfd3fb6039e252b7ca2d50ef9637,148,0x3f3aa43eeca5428f3a19b95ecc01a071662a830bbd8b372a428d545b5db4bdb,0x1850a56b8ceda72491b0de0be8963bc6cc43c1e13fc560f94877cd81a0515a82,0x1,unknown
bc1q86ltpgv08srm28gd04zy2yt2rdkgyqjcgew85f,28f6db963ab57599ad797c0b09144598714adfd3fb6039e252b7ca2d50ef9637,149,0x6d20f35d0f5d2ced8160d1474581e475ea7d971bd942435471bab21663d54537,0x24ad808aa11fa4fe6dad7ab21b04f29823acf890aa24643915689628ef4fd541,0x1,unknown
bc1q86ltpgv08srm28gd04zy2yt2rdkgyqjcgew85f,28f6db963ab57599ad797c0b09144598714adfd3fb6039e252b7ca2d50ef9637,150,0x7974ff031ec85919b25a2f1c9f08f3b83bdf02fe67e7d367b7d8de8523aad193,0x62eecde503447bb539d9bce556edf57ce850635438cf09cb60b2af0c1708bbc6,0x1,unknown
bc1q86ltpgv08srm28gd04zy2yt2rdkgyqjcgew85f,28f6db963ab57599ad797c0b09144598714adfd3fb6039e252b7ca2d50ef9637,151,0x5d3b0f3b6badb559a8f9a4b25774d8cc10e7571bebf092b0dff135bc20126c9a,0x6e92195b4574dca5ab881586f61131d6e775412e78d5d97bb76d955f92cbf385,0x1,unknown
bc1q86ltpgv08srm28gd04zy2yt2rdkgyqjcgew85f,28f6db963ab57599ad797c0b09144598714adfd3fb6039e252b7ca2d50ef9637,152,0x49802ef2291a02fe92e04143113eacd944ca562217f2a6fd1b5d8155c2ff228c,0x1216ae99b6576da4108e0d2c2a408fa995c651941e5580398669e20d1b4044d6,0x1,unknown
bc1q86ltpgv08srm28gd04zy2yt2rdkgyqjcgew85f,28f6db963ab57599ad797c0b09144598714adfd3fb6039e252b7ca2d50ef9637,153,0x58666f5ea54b9b1578c14b01d5cf848825a262d742a7508789c5594cc8d7d52f,0x2df0ee5f571570e1bf64c7a7eb949bdcc8493a3e15a8c34ef706e2a8b3fb5ce5,0x1,unknown
bc1q86ltpgv08srm28gd04zy2yt2rdkgyqjcgew85f,28f6db963ab57599ad797c0b09144598714adfd3fb6039e252b7ca2d50ef9637,154,0x20f248993237cbde6c11f865b6e41f28c82923caf98a0111485d704c078a9d3e,0x63a730273a09c69e44b7dd01dbeff65f85530557980c2d31d826a305f162c636,0x1,unknown
bc1q86ltpgv08srm28gd04zy2yt2rdkgyqjcgew85f,28f6db963ab57599ad797c0b09144598714adfd3fb6039e252b7ca2d50ef9637,155,0x7340635bded6c89cce3b463e739d563b56fd5b53c8af7505ad0492e4a524d897,0x41d0affd3155cf76252af3c32360de86250bc2d17f073d5561f63102d4685047,0x1,unknown
bc1q86ltpgv08srm28gd04zy2yt2rdkgyqjcgew85f,28f6db963ab57599ad797c0b09144598714adfd3fb6039e252b7ca2d50ef9637,156,0x6d2928ab5c601f4ac9754ace9b209b8c1ee1ec4a2a30125d911929b92dab7bb2,0x1ce5feebb797d14a41aadd72a6f7710f654379f9a0c75aa4ed4068f7893c7a7,0x1,unknown
bc1q86ltpgv08srm28gd04zy2yt2rdkgyqjcgew85f,28f6db963ab57599ad797c0b09144598714adfd3fb6039e252b7ca2d50ef9637,157,0x1b1a857bf57517c3390c1cca7dea079487a9e787d621e3dcf23483add391139f,0x5e84e5070e086a2b8a932d07f87fbc87183e608d1b8d2596a1b2f6edeeef951e,0x1,unknown
bc1q86ltpgv08srm28gd04zy2yt2rdkgyqjcgew85f,28f6db963ab57599ad797c0b09144598714adfd3fb6039e252b7ca2d50ef9637,158,0x178607e1a7604592c3c6eb8b42761cb778a0c610aed1e41e387027ea6e996032,0x99baea0528f003ae5b44cb23ceea74afdfc6afe622612b3e58e8d0ddc6e7c72,0x1,unknown
bc1q86ltpgv08srm28gd04zy2yt2rdkgyqjcgew85f,28f6db963ab57599ad797c0b09144598714adfd3fb6039e252b7ca2d50ef9637,159,0x31bb7bb5fa547d898b81d344110b4579bac0d6b87cff7fc3b04c523b57587f3f,0x52977b2768366d795ddb39616d7d667c1d74ac5c117b11ce9c15a370b1b66fd8,0x1,unknown
bc1q86ltpgv08srm28gd04zy2yt2rdkgyqjcgew85f,28f6db963ab57599ad797c0b09144598714adfd3fb6039e252b7ca2d50ef9637,160,0x5bb635a6bcae0ebc24c22f8ba7706fc01b40bfd595272340d5c087c446685781,0x7a70a357dc8f23c0423cd42ce9a07a3584f170bc454bf74c19d40176f5b70e20,0x1,unknown
bc1q86ltpgv08srm28gd04zy2yt2rdkgyqjcgew85f,28f6db963ab57599ad797c0b09144598714adfd3fb6039e252b7ca2d50ef9637,161,0x7561a23dc3ca507a0cf7bb204b9c76d3e224cc19b906af00d16c276a66ada05b,0x3856f0ea7230a5058a51e63e67c0addf93532e7cc44fe6d05da822e9c2b7b490,0x1,unknown
bc1q86ltpgv08srm28gd04zy2yt2rdkgyqjcgew85f,28f6db963ab57599ad797c0b09144598714adfd3fb6039e252b7ca2d50ef9637,162,0x48646cea52d19f042d12e2e3b3f38ebb2930bd8f94260a736ec1f53034e53bde,0x492523b7aad9fa925a83efce97e8a7e1eed568a9cd8a60d5706c6411a2a784a2,0x1,unknown
bc1q86ltpgv08srm28gd04zy2yt2rdkgyqjcgew85f,28f6db963ab57599ad797c0b09144598714adfd3fb6039e252b7ca2d50ef9637,163,0x2a9c8069875eb0b05000897e7f5b03c027a5feb9a85c8276a0f30443492483a1,0x69a818ecbaad9adebb9c8fdc088938766775b8c7c8e770da725f38dff46dabad,0x1,unknown
bc1q86ltpgv08srm28gd04zy2yt2rdkgyqjcgew85f,28f6db963ab57599ad797c0b09144598714adfd3fb6039e252b7ca2d50ef9637,164,0x7038e7e5b822c1d4500a4cceac98603fb512430d221f85cdbc1715c343915e64,0x3212d50d0c46fd26b55856f98cb3a44cd8fddeeaca1cae2ed0f9ac6b45792b2,0x1,unknown
bc1q86ltpgv08srm28gd04zy2yt2rdkgyqjcgew85f,28f6db963ab57599ad797c0b09144598714adfd3fb6039e252b7ca2d50ef9637,165,0x12ce733c96d4c479259da0fc0d8b33346fbab69bb5ff8c74b7de4073f5c1ce2a,0x598be96830582a44d48b00ac9e9c0d040a60a884aec4b9eb16207c1c366a4331,0x1,unknown
bc1q86ltpgv08srm28gd04zy2yt2rdkgyqjcgew85f,28f6db963ab57599ad797c0b09144598714adfd3fb6039e252b7ca2d50ef9637,166,0x161d6a5808634ba8bfdac97c9ac6f93cfc8a4b6f697e8dd724d06969b2e8f009,0x275d2fc3ee9ba91c541111d2fd511545b5dc4fbf28df2c063bb43d639dd074c7,0x1,unknown
bc1q86ltpgv08srm28gd04zy2yt2rdkgyqjcgew85f,28f6db963ab57599ad797c0b09144598714adfd3fb6039e252b7ca2d50ef9637,167,0x5852b3d585005f251e4351b72c299fac2625ed5df9bb546cdb020a5fe811416e,0xef04411825bcc0d5da7b1265bef46d0fa82401035c1c2e393d16a38d105c3f3,0x1,unknown
bc1q86ltpgv08srm28gd04zy2yt2rdkgyqjcgew85f,28f6db963ab57599ad797c0b09144598714adfd3fb6039e252b7ca2d50ef9637,168,0x6715d5cf74e3b80d889db79752a1e1ca62db52775c6f13588d5673a9588d4f20,0x69017d33d41ee851aa2ddc609fdc4cb453af03db18abe3251edfa214ff30c459,0x1,unknown
bc1q86ltpgv08srm28gd04zy2yt2rdkgyqjcgew85f,28f6db963ab57599ad797c0b09144598714adfd3fb6039e252b7ca2d50ef9637,169,0x3dc12cf41503f4a1f71bdd4c08d8e04f1e1a9201fecc48469f88f9fa060b6586,0x106954d5b060dc3dd5ebea0376d396e1bb79a4952c4e81c3b3193914fea84d6a,0x1,unknown
bc1q86ltpgv08srm28gd04zy2yt2rdkgyqjcgew85f,28f6db963ab57599ad797c0b09144598714adfd3fb6039e252b7ca2d50ef9637,170,0x256223be24d4924843dcba77eb8efcef6e8362341c482371b71bb36a36916f75,0x376556376e5b171b256134629f2b9355974de68192b08f053cf41a07c6226f19,0x1,unknown
bc1q86ltpgv08srm28gd04zy2yt2rdkgyqjcgew85f,28f6db963ab57599ad797c0b09144598714adfd3fb6039e252b7ca2d50ef9637,171,0x9aff9891e128954322d7aa64f0300963efac169b06ea3c418415d7858e0b0f5,0x429990bbbb0e121dba2fee2c511b339efb9dac8f721e1290c57c68c853760612,0x1,unknown
bc1q86ltpgv08srm28gd04zy2yt2rdkgyqjcgew85f,28f6db963ab57599ad797c0b09144598714adfd3fb6039e252b7ca2d50ef9637,172,0x51d6acb8a3ed89248846ea398cd888061b846b8f016d2f0e2b28c95b1d6ec0e5,0x13077597412a50058545e4a3d165702a83204e89b8598a2237287ff5997b7ad3,0x1,unknown
bc1q86ltpgv08srm28gd04zy2yt2rdkgyqjcgew85f,28f6db963ab57599ad797c0b09144598714adfd3fb6039e252b7ca2d50ef9637,173,0x68f1d4410ece3e615f1ccf085f814afcdc4be3d1564e4dba6765088c6b817f1d,0x6538545da51838ae07d7b5bf7bef067f1c777ac236536be574c9d06a6dc28814,0x1,unknown
bc1q86ltpgv08srm28gd04zy2yt2rdkgyqjcgew85f,28f6db963ab57599ad797c0b09144598714adfd3fb6039e252b7ca2d50ef9637,174,0x58fd855541bdbc760566b9de669e3bbfe84903470757743f282c526e96f57f50,0x1d551a3ec7dd99b860b70ca51c7f8184eb556d5a30c86c7650acf0d00f3ac137,0x1,unknown
bc1q86ltpgv08srm28gd04zy2yt2rdkgyqjcgew85f,28f6db963ab57599ad797c0b09144598714adfd3fb6039e252b7ca2d50ef9637,175,0x23ce4b0b67672c050a683d7b889268f19aee7ba7fdbe951d8b8268475c7e1d14,0x7eb0c8cbc062dcc298611e0b9a4bf9558c745ae21c3f8f25d5d56c045ba2528,0x1,unknown
bc1q86ltpgv08srm28gd04zy2yt2rdkgyqjcgew85f,28f6db963ab57599ad797c0b09144598714adfd3fb6039e252b7ca2d50ef9637,176,0x8bdebb497f4e4e71e36ddd2b304fde0de4457dec13c9743751e749e2f7ad6e,0x3abdfd176693ba5b9ee52d2fb831c302a9901723f1782bebab7fcb1d12734e49,0x1,unknown
bc1q86ltpgv08srm28gd04zy2yt2rdkgyqjcgew85f,28f6db963ab57599ad797c0b09144598714adfd3fb6039e252b7ca2d50ef9637,177,0x628105b0401b9bcc757b07d2237e4dbac819b4aaf4f076da2729b8b03efb1df9,0x5bdd331f53ee3c41ed10af6d9fc92c88a6f750a6da26d8bd90f2cce96cf8b59a,0x1,unknown
bc1q86ltpgv08srm28gd04zy2yt2rdkgyqjcgew85f,28f6db963ab57599ad797c0b09144598714adfd3fb6039e252b7ca2d50ef9637,178,0x2ce9fae70a4d542bfa190ab6ea011c92b492bf776efa81578b0e86765ac5db4a,0x79f603be32f5a32a3113694ed8ca01eb3114e280cb371157c1b93647d114fda1,0x1,unknown
bc1q86ltpgv08srm28gd04zy2yt2rdkgyqjcgew85f,28f6db963ab57599ad797c0b09144598714adfd3fb6039e252b7ca2d50ef9637,179,0x4b84ec7d689f5a08ad00410b2ed8f9d65aa0762a251151c42d5df3f6ce22dcaf,0x194ceb29ed82aea95bf000b4ea05abc3d474a998876ed9ab9d25e2dec310791e,0x1,unknown
bc1q86ltpgv08srm28gd04zy2yt2rdkgyqjcgew85f,28f6db963ab57599ad797c0b09144598714adfd3fb6039e252b7ca2d50ef9637,180,0x3756bade4c016e3c45d1a9656829344df0ad0ed2585abd21e51960b7fa73ded5,0x4fd2e7f16650b6ac2d45ce9111334e5a2eb66cb23b7fd3780959865bbb14152c,0x1,unknown
bc1q86ltpgv08srm28gd04zy2yt2rdkgyqjcgew85f,abd655609bc595eef810cb3e1533de497aef8f30d99db6c168b84a234b2de883,0,0x2a28053e6e249788d2bb9c2f1ce1858296703e76bbfa9e7b3f4ee034161f9ea4,0x622fbea9b53782de7bb87b14851e65808ca5f83bde0de40a80268b0889ae1a68,0x1,unknown
bc1q86ltpgv08srm28gd04zy2yt2rdkgyqjcgew85f,c58d8a113f0ebab367bdaf2ccb9a8e8a4ead4b82fd0827e6f2ddaca8f734f49c,0,0x2f05b3999c32407af1679d52ece71b779ee2b719ab19037719ca558e0acbfd4f,0x46b44a6aa53c1dab85da52d96e96eb1f250e82fbab670be7a8786bc4ec9b5d37,0x1,unknown
bc1q7mnwz35pdccj4f2z68xhr90qv4x5n8alprtwzg,e344c68a917cfbf8a7d755ba467e69db2d0a08158fd7c1c03a58d3818b30fd16,0,0x1d88de9c13cbed12b2b83194082275f9a719500ca363be4babab181d3a68dc67,0x4ffdf89e8e7fef3aaf2cabc90c52b0e15fef5ee071b2293fafe389975b33e72e,0x1,unknown
bc1qwslyq5kwa0vpw43gjr978tw9lvysddcctrfj8t,4f444499f9abc408cc5b6318dcdfd274251927f1992c180c357e0629e2b97c06,0,0x379ad67f651b267e1e0eb80a719aeb117cf30c1b5db28106a80d5fd8658bc9e6,0x3e5f0f2ab6eb376b5c9faef53a890a98c120d5142d5a6a1fd9805a126ef0e685,0x1,unknown
bc1qwslyq5kwa0vpw43gjr978tw9lvysddcctrfj8t,4f444499f9abc408cc5b6318dcdfd274251927f1992c180c357e0629e2b97c06,1,0x22d124692a2e9183f729b9472341e7f3d03ca6471d9c180761aa9afd5253806b,0x3d67732a7a6f15e947c99d4f4af3e1c2ec3dae58ca7b146a060268228a4ddf04,0x1,unknown
bc1qwslyq5kwa0vpw43gjr978tw9lvysddcctrfj8t,4f444499f9abc408cc5b6318dcdfd274251927f1992c180c357e0629e2b97c06,2,0x7a3e6730d5b63eb8d4b108f91d74ae50c1b13eb7d632695d3b72e25afb515a8f,0x5f28ec6e2885f323e65256d6ee54770743da9e6a5e0398a50f37ba40391179a9,0x1,unknown
bc1qwslyq5kwa0vpw43gjr978tw9lvysddcctrfj8t,4f444499f9abc408cc5b6318dcdfd274251927f1992c180c357e0629e2b97c06,3,0x5b6ef62a8f16ab9d03c8ce78703af99154fd250eb52820fe1e60244417cac0a9,0x79084728570cdbbdb57d596ca7ae72da33b63d95d0fe2a993163a5f0e7ea10c5,0x1,unknown
bc1qwslyq5kwa0vpw43gjr978tw9lvysddcctrfj8t,62a93c0932a762bac8faeda33c6b26cbbce15cfa7c0244316249cbacc4a71071,0,0xe33f21dfeca3a278acf69a41dce7680fbe3b2ce08911942bbb8c0cac18a3f7d9,0x723c89a5843a3e34a45e8e6ded414ae4c6ce86df6ee789f0a77323f7b4d81e02,0x1,unknown
bc1qy2365mww4pwups05efdwdjd4vjncax4cvyxhar,52e144ba6aa60e9f80bd989b49ee48c9f803e8d2372b62fa017af81bc366b793,0,0x60f886b5794d1f8081d91f31e913e99ad8dbc00d3192a1dbf0117ce06138b13e,0x12f8184431d8cfeb4043c80fbee469401ff1b09417057efce3f07a1dd72e537c,0x1,unknown
bc1qy2365mww4pwups05efdwdjd4vjncax4cvyxhar,0f68f8e5f3b560746e069e3870549512d741cbc0d227f73c5229cb86a23ca057,0,0x6cdabdc6fee56ad058a7b071c88bde102d0a8c1d7bb958374ed167b5cde18dda,0x712ce02beb18851054c56fcf96547075af2942984da6c216f732e13f11a67544,0x1,unknown
bc1qy2365mww4pwups05efdwdjd4vjncax4cvyxhar,b5963f9e0d7b37f3f428064309692c14c3529be9f91af3e942d0825327e69a8b,0,0x587a8987df3c75a1684fb91a259c0f343239a22c4e5e4dc6349f6e4e7a485e0c,0x35ad5f7f2169a8cbe3d4bdc32171cc18ffb3bb3d10e11b7975acf9d1766e329b,0x1,unknown
bc1qy2365mww4pwups05efdwdjd4vjncax4cvyxhar,b5963f9e0d7b37f3f428064309692c14c3529be9f91af3e942d0825327e69a8b,1,0x1bf17c097226953def782e2ae5043ce9186e92f5f4014f8d35c9a67ab45debeb,0x5901eea01ec94cfa57a5fe0e869e7b3a6eb04201b1b6daf5bfebf25f5aa13e99,0x1,unknown
bc1qms94m86dfxd5n73qmfkf5cfkjcelwelqkv95pu,c8854d615c2f7aac6d0afbe28c6a628f0ccb500601437ee0f88b174a90c4b3f4,0,0xdd125393b8760203594745f0836708ea28916a55093b7ea3f687300112085058,0x1cf55346f8c35a2ad5abe0c5345b491adc76fdc4be7ce2ddb7690a6915399417,0x1,unknown
bc1qk4zx9ut5nk7k3f4era8e5xjwrxljhwhkv0zxq4,b6de1a4fe70393d305bcd07350345d62e2bfc9acd351155834e7992905f2761e,0,0x8064f29d77c5d43393b7f13e0505ba645ff339ef6e5c5fb1cebcb1c7f71e5bc3,0x120280f7fb53d38b2967a4b1d665ca1bc76bd30677d284546d4e8aa26cdf2e6f,0x1,unknown
16r5Bjk3X4THzvbphuYGkaLwUrcd8F5RnA,6c335448eec2d7717d0bc9dc84425f5e7662876dd080ae701ce54798207e8b4a,0,0xa52856dd19b85752c0c7d51560ac6c8d6a1e87e260cf4636c1a217a610108917,0x6e22998f931c490adb65d98a8c4ff1a10d22fb4b065a7c94232ffbecc9f3c630,0x1,unknown
16r5Bjk3X4THzvbphuYGkaLwUrcd8F5RnA,05c47d203c4fdd3f910d7e4d43e73f6041b9ed30b280f5966c8a28983acba42e,0,0xde7f54b53784035e6472d1e73deab4a51f5a935bb6c2ea2d5f4bf25fde712b9e,0x2e986ae8d088133e05acd953715b6e490a9271601c05685b73538f0bdac4ba42,0x1,unknown
bc1q0dtppalqtdv260wr400cgl6nuh5x0706s5aqhy,c2184c9062208e99b236ab2647604e1efa80e839535bb25e7eae9577bfd26123,0,0x3bce3183ecf7febbc1a51e343edbafc05a5d657ebc049f78eb69db72607812a,0x61c7348fac93c2a1edcf7ff4d4bb9df1977d60bb25941b11d658bb4ed372adce,0x1,unknown
bc1q0dtppalqtdv260wr400cgl6nuh5x0706s5aqhy,50a09cac02594d4ecec8285964d42de3892fab563f716642aab9daec9c6a6841,0,0xef5481aba6a9bbf9fc9b9e861f0daa95a4569d536632b1ca3f2d53fa12fcd97e,0x7b4ab559b65c8b864e1e7ac819d8e8fc9d014fa19eafbb33dea3dca21f5aa563,0x1,unknown
bc1qqufw4em00p4pr8s2xuna883ly4jj9tqer808c5,25e1d28085a7a829e30907e14b8e9295e92af31ebdcc3a76227ac5549f476ad4,0,0xbcea8d95ae73080e66c95ad51895420c4cab4482648cc7d132e07959cdf731d2,0x32bd177d6e2ac9e8e8c8b62e11c3e1c1d8a8b03e30f0d11484f2469dc66cb20,0x1,unknown
bc1qqufw4em00p4pr8s2xuna883ly4jj9tqer808c5,c4dd8fd75f0703d46a7ac51f40b546bdcffdbf908eb7afa5cff0d7e067e1cac2,0,0xceaf2659756098aa81c659ca9f7e02c4072dc38b0d498fac6097e7f520e5da3c,0x458f3dbcf9705e34555d11ccba18e3aaa5174f7bc96fba677fb238bad9ee0f40,0x1,unknown
bc1qqufw4em00p4pr8s2xuna883ly4jj9tqer808c5,85dfd1ae8100c01f2b523fa5061343923e0e8908ea1ce35a0f2496d06ca370b0,0,0xe56fa8c7a33c35199d0396312c54fae7623676006a28a6e7e30c5ac8e9ec46a9,0x67955acc933559cfe0944cfa8852dc97fabd19782f8fe5b716dfe8b841adf951,0x1,unknown
bc1qqufw4em00p4pr8s2xuna883ly4jj9tqer808c5,fe2f5ea7eae3cfdb29b43b0f20d7be5f5912470e59c9925769582cf51f32c0ab,0,0x57f43472d60a5a2e7af273d2d0c703d3f40c38a401f39026a360699a539b630f,0x447a81fd0301ce77b4b84ef7cb96b4ccbb50cb9eb6da035a0242b06a832eabd,0x1,unknown
bc1qqufw4em00p4pr8s2xuna883ly4jj9tqer808c5,5a4982d3000469bf39f2dc1a2a3405f7c7ecca9ae804f12540732f8d612bc69c,0,0x3a2f18f56b4832ee6abf67e177975881ad78cee007c3f5ac5a459404a8bf3a3a,0x4e7f8baac65ba489ec05c5542bdd9bcff1900ca4cb8d40098f57efbb6655777c,0x1,unknown
bc1qqufw4em00p4pr8s2xuna883ly4jj9tqer808c5,f018c2714fb37a2dac64c21e565ca9f1f8d2cfd7596c31121e7c99c01e03ee96,0,0x7b3d266c4ecb6a6f95732c85eb0520381c166b7561dd78c979ee91c54b6b7818,0x3a16e5942602d3b05c2de608060f21c28e67811b3a88202f2abb15f28d766fc7,0x1,unknown
bc1qqufw4em00p4pr8s2xuna883ly4jj9tqer808c5,8750276a8ce2264bc3831db6eae5df07c47a883f933b4fde6d63d6ae9ac17694,0,0xa44cdb97b289ba9634fecce9f66569f4a1af12c8db771c0f0f88fc374da8095c,0x3e7d13b648ed2c8b9adddc39713b2210ba411cd3711fa1aea63804ca71989a75,0x1,unknown
bc1qqufw4em00p4pr8s2xuna883ly4jj9tqer808c5,b6e17bf686d6b9775907d937312e4e3834cc45c287b09ee9c31fc4baf721b584,0,0x28c8830c0de0423a870b149cb9a8fd6be8d9975a6a75ede4ff6b5738826d2918,0x75468d0059da1d49046048b331d5599bef37661e5ce3c10e9f759298ccdec2d3,0x1,unknown
bc1qqufw4em00p4pr8s2xuna883ly4jj9tqer808c5,a706a2ce920b20b039cfda757d1e1341c373efabba9b823912614fcf2634d47d,0,0x6a9418ad772c58b476a8e4a481d0ef59925c1f5909e313a8d3538ac66d88f783,0x6272443c73d5b1ac75926fe03e8fe49fe7cb1df7ec6c2bef5d2e89c081546727,0x1,unknown
bc1qqufw4em00p4pr8s2xuna883ly4jj9tqer808c5,49d214430842e31e659b35baf3fb2ebc6d4bea6306fbb49067df9a3857351f6d,0,0xb548e48bb2211fbb8fe9c80f213f32136c94550e4e90ab82e0767b7a255532d3,0xc1350dd8d62fb38ad24b0fb76d645f5fea5c4a23e3c3da56741e7a62428ba0a,0x1,unknown
bc1qqufw4em00p4pr8s2xuna883ly4jj9tqer808c5,ec80d51fa2961a562290eef4947d9c015ca8d35e489f14b51d5c85e558490362,0,0xd043e17f493bd22154b6cae6f4f1b0d0d4a90ab4e1a725b48ebdc67b2e60d6dd,0x735f1c54733466d3838fa6cac21f6aa959db3320ef36c696369b8c51453e2c0,0x1,unknown
bc1qqufw4em00p4pr8s2xuna883ly4jj9tqer808c5,39b9de7d0d274ad43992612e149137fd1f6061e64cff4daa8dfe30d172972153,0,0xf12db1bdc9f383c6fc0affb486cae98edbd7def533e5414356d62263e80744bc,0x542bfc24e743308addf29874373fe4cd7ffb248b67e95c5bad055016d2cd53a7,0x1,unknown
bc1qqufw4em00p4pr8s2xuna883ly4jj9tqer808c5,fbbb66bfaddbe3e7b1346156472d84db95f46d8fa40f4edac42056dff644f24a,0,0x49ab2a7e8128b5a1a253a7910808a61da0e6aef16c065c5ae12ae503fe92b29b,0x4c6d712e5ac95f2dfcbfeb26cfa559e3e4152f9499e39ea46d15c1636beb66a1,0x1,unknown
bc1qqufw4em00p4pr8s2xuna883ly4jj9tqer808c5,cbbb6298d199e0ab9bae1edd03dd56c341099fa7a5dd0f85859347bd136f572c,0,0x644d2333d8e5ee6346e802d3447d355652574fa4943bc2701c31d5f2d572a9f4,0x1e2136775c05d8cba850a5fda2e4195276793ce9244e4a8e265fb9df0a61858f,0x1,unknown
bc1qqufw4em00p4pr8s2xuna883ly4jj9tqer808c5,f55261c2b6baac0c59dde9a66b026a1f61789ee648f4318a307b8c034b347310,0,0xb33ba7d98e02c04ca115c1d3a6ed2b373e363a7d3a8c8fc7b220e8b46dee550,0x33fda61435158de0a5fe5030f30e3a0798241365b793fed9b0bed5cc29efbeab,0x1,unknown
bc1qqufw4em00p4pr8s2xuna883ly4jj9tqer808c5,ab6fd0986cb1439da66d25b5dad7ae1b0d2e0b55fb7641bc313e0eafe04b69da,0,0xefcbafadb42e9b533991ae9056972ce953265365d12b6c09fa69e66e9b1341d6,0x7d1525e2826b93d8e178d5f2e2957b4470c3ea68229f14953a6c010ebdcd2438,0x1,unknown
bc1qqufw4em00p4pr8s2xuna883ly4jj9tqer808c5,3e5023bbd21ad005ee0125c9c8ab594c57f73298223e2b5849b16a31b182d4d8,0,0x56e9e3dde49de25256e86c0c69be6b086e391d59216fddd10990b3d1eb68c21d,0x1347a2b9d8c1ef0959e22cde1c071cb94a75912fab68aaba3ff3239fe70edb77,0x1,unknown
bc1qqufw4em00p4pr8s2xuna883ly4jj9tqer808c5,431a352d609bdafbc454caef2d155ed380f2a1ee4d0a50f251d1c875cfad2ad4,0,0x4c28bf79eab67d7791b121953a77f2c585fafd09f0c186f6018e47c4bd2f1522,0x683e086d65b5ddf6f50d12ee422f4f320d8e6c22db4260b2dd2642d209812c5f,0x1,unknown
bc1qqufw4em00p4pr8s2xuna883ly4jj9tqer808c5,7f707137917a3264a13a7215c2c54f2106022c2e2407f5ee492cb496d12b9ccf,0,0xcd3f0c70b18334fe63ef7f3947a96e2a7606744f6d4660364696f6442d12bd5,0x69ae60e82ec003db27ccbe34d62a1138c9c981a8ad84c3ff0dd2ec161b4a285a,0x1,unknown
bc1qqufw4em00p4pr8s2xuna883ly4jj9tqer808c5,936758ee9e5cb91c4bf2123abcb8e1e24b1ae1d36f9c8d23072f0bb98e06beca,0,0x2ebf78323337b03c2c519452135cd224cd19614292e8f4ec065df77909a58c2b,0x2471b039d5055f1d1834fab70a8196e78bbe065d84d199c271d20de03bdaf250,0x1,unknown
bc1qqufw4em00p4pr8s2xuna883ly4jj9tqer808c5,adaec3d809df30f6e2f01e43b898cac31e51291baaec8c22b0558eb2eea58fb1,0,0x4f37b11b6c307972e38626c59deacc70da2a3d227c4502d7287bb10f413c3551,0x6b21d3e9a9238cc018a47a66c98fa43f6015771cbd3cb326b9551301a5bd0bc0,0x1,unknown
bc1qqufw4em00p4pr8s2xuna883ly4jj9tqer808c5,00c361e8e9cb8c2525176d411827eddf3eb8b317fb873d7010bf40d3bb85cca4,0,0x6278dca5289790e5724fa6b3c88caf28cdf40758732631c2b687e1935b58278d,0x7372d9455ab38b7ce79e3b0c60eef3e678a900707340350d6a617910a523bcf9,0x1,unknown
bc1qqufw4em00p4pr8s2xuna883ly4jj9tqer808c5,10cfcfff4b685dc6f0274179c85c13765f2cfa5217ef8a63dcd60576841939a1,0,0xe0c6665cf3c86acb9e96bb17f3da55126a01c099542d1c24793ed7e3ef263546,0x5c86f37b102192c157b0b27c98e4a946bc39e64709877fa1ee54ccc3e1d6e823,0x1,unknown
bc1qqufw4em00p4pr8s2xuna883ly4jj9tqer808c5,c18b6dcc578935a2a61e84aceff4d5207bfb487fc7c0afe2e7cd96fd5dccfc53,0,0xf3db76462bc549dcec04d17453bcde7c75995083e23cd691f5482ed7b67920e2,0x3dfa0faacae2010405262a57836a2fc55e7744a3cb68e1276d5b2d001abae0a1,0x1,unknown
bc1qqufw4em00p4pr8s2xuna883ly4jj9tqer808c5,fb86b92165894876ec68563f6e97711194b47dda7985465d3abae3f2dded1411,0,0xd095e4fc9bf1752bea82e3a6b64f7b478ff80f3c8890c76f9110b57ec5f33f9f,0x64d16f1793ff90f5054f9b6cc23aa5d117f40f753e90c64e122efb7d4db33df2,0x1,unknown
bc1qthxmrmjce2g9mufqu7u0tc0pjycqvlpzqd80qf,b7c97bbc406532379dab86da0de38e1b17b70e6ad5b08645b815d62aff8df6f0,0,0x56efbdc6cb10b9896cee55354c478e7a590962b80497f39ac695b0d32d83d3a6,0x374d82a0be7bdb43ac5b1903c7aa5316a89157baa57002c35a7e4c33755d5f73,0x1,unknown
bc1qthxmrmjce2g9mufqu7u0tc0pjycqvlpzqd80qf,1667597aefcc99d75f4a08cfb5c10fb93b2e7e3956f13937dfbeff33a25f11de,0,0xd93a676c957a8de7def0672ce6073258d742eed13ced1b0763015623da346f5c,0x75b2838d7172d78d8bdde733e125981e5f3e2ce47069262bf8764bf935d58b2,0x1,unknown
